Samples,feature_1,feature_2,feature_3,feature_4,feature_5,feature_6,feature_7,feature_8,feature_9,feature_10,feature_11,feature_12,feature_13,feature_14,feature_15,feature_16,feature_17,feature_18,feature_19,feature_20,feature_21,feature_22,feature_23,feature_24,feature_25,feature_26,feature_27,feature_28,feature_29,feature_30,feature_31,feature_32,feature_33,feature_34,feature_35,feature_36,feature_37,feature_38,feature_39,feature_40,feature_41,feature_42,feature_43,feature_44,feature_45,feature_46,feature_47,feature_48,feature_49,feature_50,feature_51,feature_52,feature_53,feature_54,feature_55,feature_56,feature_57,feature_58,feature_59,feature_60,Watering_Regm
SRR5224549,4.052802e-04,0.000000e+00,2.249884e-01,1.343214e-02,4.689671e-03,2.315887e-04,1.140574e-02,1.736915e-03,3.705419e-03,1.298055e-01,0.000000e+00,2.883279e-02,2.605373e-03,5.019685e-02,7.526633e-04,8.684576e-04,1.505327e-03,1.910607e-03,1.389532e-03,0.000000e+00,1.736915e-04,2.894859e-04,4.238073e-02,4.631774e-04,2.257990e-03,1.852710e-03,2.894859e-04,0.000000e+00,0.000000e+00,1.910607e-03,5.789717e-05,1.621121e-03,5.789717e-04,1.157943e-03,8.198240e-02,1.013201e-02,0.000000e+00,0.000000e+00,3.676471e-02,0.000000e+00,0.000000e+00,0.000000e+00,1.771654e-02,2.009032e-02,1.192682e-02,0.000000e+00,0.000000e+00,4.631774e-04,2.721167e-03,0.000000e+00,5.789717e-05,3.937008e-03,5.210746e-04,0.000000e+00,1.661070e-01,7.821908e-02,0.000000e+00,0.000000e+00,0.000000e+00,3.786475e-02,1
SRR5224550,0.0000000000,0.0000000000,0.1411907374,0.0117225847,0.0027718427,0.0006929607,0.0016746550,0.0028295894,0.0025986025,0.2811687937,0.0000000000,0.0202690997,0.0015014148,0.1171681007,0.0006352140,0.0004619738,0.0007507074,0.0030028296,0.0012704279,0.0002887336,0.0000000000,0.0000000000,0.0269099729,0.0002309869,0.0003464803,0.0005197205,0.0000000000,0.0001154934,0.0002309869,0.0017324017,0.0000000000,0.0008662008,0.0004042271,0.0015014148,0.0203268465,0.0032915632,0.0000000000,0.0000000000,0.0241381302,0.0001732402,0.0001154934,0.0000000000,0.0060634059,0.0236184097,0.0061788993,0.0000000000,0.0001732402,0.0001154934,0.0044464977,0.0000000000,0.0000000000,0.0045042444,0.0003464803,0.0000000000,0.1389963620,0.1038863544,0.0000000000,0.0000000000,0.0000000000,0.0407691863,1
SRR5224560,0.000000e+00,0.000000e+00,9.601481e-03,7.287871e-03,0.000000e+00,0.000000e+00,5.205622e-04,4.627220e-04,5.784025e-04,1.137139e-01,0.000000e+00,2.371450e-03,4.338018e-03,3.444965e-01,0.000000e+00,2.140089e-03,0.000000e+00,4.974261e-03,2.313610e-04,0.000000e+00,0.000000e+00,0.000000e+00,7.519232e-04,0.000000e+00,0.000000e+00,0.000000e+00,0.000000e+00,0.000000e+00,0.000000e+00,0.000000e+00,0.000000e+00,0.000000e+00,0.000000e+00,2.544971e-03,1.330326e-03,0.000000e+00,0.000000e+00,0.000000e+00,2.255770e-03,0.000000e+00,0.000000e+00,0.000000e+00,3.007693e-03,4.748684e-02,0.000000e+00,0.000000e+00,0.000000e+00,0.000000e+00,1.399734e-02,0.000000e+00,0.000000e+00,4.627220e-04,0.000000e+00,0.000000e+00,2.217595e-01,1.820811e-01,5.205622e-04,5.784025e-05,0.000000e+00,3.302678e-02,0
SRR5224563,0.0000000000,0.0000000000,0.0306293787,0.0059637543,0.0004053037,0.0000000000,0.0004053037,0.0002895026,0.0042267385,0.3120838400,0.0000000000,0.0039951364,0.0014475132,0.1760176018,0.0001737016,0.0006369058,0.0001737016,0.0030108274,0.0018528169,0.0000000000,0.0000000000,0.0000000000,0.0243761218,0.0000000000,0.0001737016,0.0002316021,0.0000000000,0.0001737016,0.0000000000,0.0000000000,0.0000000000,0.0000000000,0.0000000000,0.0009843090,0.0012159111,0.0000000000,0.0000000000,0.0000000000,0.0017949163,0.0000000000,0.0000000000,0.0000000000,0.0026634242,0.0773551039,0.0003474032,0.0000000000,0.0000000000,0.0000000000,0.0077586706,0.0000000000,0.0000000000,0.0002895026,0.0000000000,0.0000000000,0.1717908633,0.1536679984,0.0002316021,0.0000000000,0.0000000000,0.0156331423,0
SRR5224566,0.0000000000,0.0000000000,0.0067462377,0.0008072421,0.0000000000,0.0000000000,0.0004612812,0.0000000000,0.0004036211,0.4683157470,0.0000000000,0.0009225624,0.0006342617,0.1195294932,0.0000000000,0.0015568241,0.0000000000,0.0000000000,0.0000000000,0.0000000000,0.0000000000,0.0000000000,0.0119933114,0.0000000000,0.0000000000,0.0000000000,0.0000000000,0.0005189414,0.0000000000,0.0000000000,0.0000000000,0.0000000000,0.0000000000,0.0008072421,0.0010378827,0.0000000000,0.0000000000,0.0000000000,0.0002306406,0.0000000000,0.0000000000,0.0000000000,0.0002883008,0.0219108574,0.0000000000,0.0000000000,0.0001153203,0.0000000000,0.0020181053,0.0000000000,0.0000000000,0.0000000000,0.0000000000,0.0000000000,0.1240269850,0.2285648388,0.0000000000,0.0000000000,0.0000000000,0.0091103039,1
SRR5224572,0.0000000000,0.0000000000,0.0384482361,0.0024786719,0.0008070095,0.0000000000,0.0006340789,0.0000000000,0.0000000000,0.6452617016,0.0000000000,0.0097994005,0.0000000000,0.0430020752,0.0000000000,0.0002882177,0.0000000000,0.0000000000,0.0000000000,0.0000000000,0.0000000000,0.0000000000,0.0040350473,0.0000000000,0.0000000000,0.0000000000,0.0000000000,0.0000000000,0.0000000000,0.0000000000,0.0000000000,0.0000000000,0.0000000000,0.0003458612,0.0054761356,0.0005187918,0.0000000000,0.0000000000,0.0075513027,0.0000000000,0.0000000000,0.0000000000,0.0017869495,0.0168319115,0.0005187918,0.0000000000,0.0000000000,0.0000000000,0.0013834448,0.0000000000,0.0000000000,0.0009799401,0.0000000000,0.0000000000,0.1445123357,0.0644454692,0.0000000000,0.0000000000,0.0000000000,0.0108946276,1
SRR5224578,0.000000e+00,0.000000e+00,6.521990e-03,2.943553e-03,0.000000e+00,0.000000e+00,5.194505e-04,1.154335e-04,9.811843e-04,3.383354e-01,0.000000e+00,1.212051e-03,4.040171e-04,2.044904e-01,5.771673e-05,4.040171e-04,0.000000e+00,1.846935e-03,0.000000e+00,0.000000e+00,0.000000e+00,0.000000e+00,9.811843e-04,0.000000e+00,0.000000e+00,0.000000e+00,0.000000e+00,0.000000e+00,0.000000e+00,0.000000e+00,0.000000e+00,0.000000e+00,0.000000e+00,4.617338e-04,2.943553e-03,0.000000e+00,0.000000e+00,0.000000e+00,1.154335e-03,0.000000e+00,0.000000e+00,0.000000e+00,5.771673e-04,2.412559e-02,0.000000e+00,0.000000e+00,0.000000e+00,0.000000e+00,1.558352e-03,0.000000e+00,0.000000e+00,2.308669e-04,0.000000e+00,0.000000e+00,2.418908e-01,1.605679e-01,0.000000e+00,0.000000e+00,0.000000e+00,7.676325e-03,1
SRR5224583,0.000000e+00,0.000000e+00,7.961434e-02,7.389874e-03,2.309335e-04,4.618671e-04,3.752670e-03,1.270135e-03,2.482536e-03,1.353848e-01,0.000000e+00,1.518388e-02,8.660008e-04,9.681889e-02,2.309335e-04,4.041337e-04,0.000000e+00,1.327868e-03,6.928006e-04,0.000000e+00,0.000000e+00,2.309335e-04,1.056521e-02,4.618671e-04,6.350673e-04,1.616535e-03,2.886669e-04,0.000000e+00,0.000000e+00,8.544541e-03,5.773339e-05,1.732002e-04,1.732002e-04,1.674268e-03,1.789735e-02,3.579470e-03,0.000000e+00,0.000000e+00,1.385601e-02,0.000000e+00,0.000000e+00,5.773339e-05,5.888805e-03,1.039201e-02,5.196005e-03,5.773339e-05,0.000000e+00,0.000000e+00,2.020669e-03,0.000000e+00,0.000000e+00,1.905202e-03,0.000000e+00,0.000000e+00,3.028693e-01,2.345708e-01,0.000000e+00,0.000000e+00,0.000000e+00,3.117603e-02,1
SRR5224590,0.000000e+00,0.000000e+00,5.197962e-02,1.215559e-02,0.000000e+00,0.000000e+00,1.389210e-03,1.562862e-03,3.820329e-03,1.733040e-01,0.000000e+00,5.672609e-03,3.241491e-03,2.506946e-01,1.736513e-04,9.261403e-04,1.736513e-04,1.736513e-03,1.215559e-03,0.000000e+00,0.000000e+00,0.000000e+00,9.029868e-03,0.000000e+00,1.157675e-04,4.225515e-03,5.788377e-05,1.736513e-04,0.000000e+00,7.524890e-04,0.000000e+00,1.736513e-04,1.157675e-04,5.209539e-04,3.299375e-03,2.315351e-04,0.000000e+00,0.000000e+00,7.235471e-03,0.000000e+00,5.209539e-04,0.000000e+00,2.604770e-03,6.332484e-02,0.000000e+00,0.000000e+00,2.315351e-04,0.000000e+00,1.707571e-02,0.000000e+00,0.000000e+00,2.025932e-03,0.000000e+00,0.000000e+00,2.454272e-01,1.023964e-01,0.000000e+00,2.894188e-04,0.000000e+00,3.212549e-02,0
SRR5224600,0.000000e+00,0.000000e+00,2.766869e-01,1.256878e-02,1.627570e-02,8.108891e-04,3.996525e-03,2.548509e-03,1.853461e-03,5.629887e-02,0.000000e+00,1.656531e-02,2.432667e-03,7.280626e-02,9.267304e-04,8.108891e-04,2.143064e-03,3.127715e-03,1.621778e-03,0.000000e+00,4.054445e-04,0.000000e+00,3.909644e-02,1.737619e-04,1.216334e-03,9.267304e-04,0.000000e+00,4.054445e-04,1.448016e-03,0.000000e+00,5.792065e-05,8.108891e-04,1.795540e-03,2.200985e-03,5.537214e-02,1.390096e-03,0.000000e+00,0.000000e+00,4.361425e-02,0.000000e+00,0.000000e+00,0.000000e+00,6.776716e-03,2.560093e-02,8.398494e-03,2.316826e-04,0.000000e+00,5.212858e-03,1.407472e-02,0.000000e+00,5.792065e-05,6.892557e-03,2.896032e-04,0.000000e+00,1.402838e-01,1.030988e-01,0.000000e+00,0.000000e+00,0.000000e+00,6.869389e-02,0
SRR5224601,0.000000e+00,0.000000e+00,2.059403e-01,3.682260e-02,2.142195e-03,0.000000e+00,2.836962e-03,5.500232e-03,3.126447e-03,7.329782e-02,1.736915e-04,1.395322e-02,3.879111e-03,1.861394e-01,2.779064e-03,0.000000e+00,1.736915e-04,8.395090e-03,3.184345e-03,8.684576e-04,0.000000e+00,1.852710e-03,1.117415e-02,0.000000e+00,5.789717e-04,1.157943e-04,6.368689e-04,2.315887e-04,9.842520e-04,1.679018e-03,1.157943e-04,0.000000e+00,1.794812e-03,2.200093e-03,1.175313e-02,4.052802e-04,0.000000e+00,0.000000e+00,1.812182e-02,0.000000e+00,5.789717e-05,0.000000e+00,5.037054e-03,4.458082e-02,4.747568e-03,1.157943e-04,5.210746e-04,1.679018e-03,2.084298e-02,1.100046e-03,0.000000e+00,6.137101e-03,0.000000e+00,0.000000e+00,1.327003e-01,1.055465e-01,9.842520e-04,0.000000e+00,1.157943e-04,7.497684e-02,0
SRR5224606,0.000000e+00,0.000000e+00,1.148392e-01,1.187594e-02,1.671855e-03,4.035513e-04,2.363657e-03,3.228410e-03,2.075406e-03,2.375764e-01,0.000000e+00,1.325954e-02,1.325954e-03,1.764672e-01,5.188516e-04,1.153004e-04,0.000000e+00,6.918021e-04,0.000000e+00,0.000000e+00,0.000000e+00,0.000000e+00,1.360544e-02,0.000000e+00,3.459011e-04,4.035513e-04,4.035513e-04,1.153004e-04,0.000000e+00,0.000000e+00,5.765018e-05,6.341520e-04,1.729505e-04,0.000000e+00,3.015104e-02,1.210654e-03,0.000000e+00,0.000000e+00,1.821746e-02,0.000000e+00,0.000000e+00,0.000000e+00,5.476767e-03,1.320189e-02,3.516661e-03,0.000000e+00,0.000000e+00,0.000000e+00,6.341520e-03,2.306007e-04,0.000000e+00,2.651908e-03,4.035513e-04,0.000000e+00,1.619394e-01,1.486798e-01,0.000000e+00,0.000000e+00,0.000000e+00,2.582728e-02,0
SRR5224607,0.0000000000,0.0000000000,0.0246842378,0.0015571832,0.0000000000,0.0000000000,0.0001730204,0.0000000000,0.0007497549,0.3193379088,0.0000000000,0.0014995098,0.0004613876,0.1953399850,0.0000000000,0.0003460407,0.0002306938,0.0004613876,0.0002883673,0.0000000000,0.0000000000,0.0000000000,0.0057673453,0.0000000000,0.0000000000,0.0000000000,0.0001153469,0.0000000000,0.0000000000,0.0000000000,0.0000000000,0.0000000000,0.0000000000,0.0000000000,0.0021339178,0.0005190611,0.0000000000,0.0000000000,0.0001730204,0.0000000000,0.0000000000,0.0000000000,0.0003460407,0.0285483592,0.0000000000,0.0000000000,0.0000000000,0.0000000000,0.0011534691,0.0000000000,0.0000000000,0.0001153469,0.0000000000,0.0000000000,0.1848434166,0.2225041813,0.0000000000,0.0000000000,0.0000000000,0.0086510179,0
SRR5224622,0.000000e+00,0.000000e+00,3.186445e-01,1.289614e-02,1.237567e-02,1.214434e-03,6.130002e-03,5.551700e-03,2.024057e-03,6.031691e-02,2.891511e-04,1.601897e-02,1.908397e-03,6.922276e-02,9.831136e-04,8.096229e-04,1.850567e-03,1.214434e-03,2.428869e-03,1.734906e-04,3.469813e-04,0.000000e+00,2.677539e-02,2.313208e-04,2.139718e-03,7.517927e-04,2.313208e-04,6.939625e-04,2.891511e-04,7.517927e-04,0.000000e+00,6.939625e-04,1.677076e-03,7.517927e-04,5.378210e-02,3.238492e-03,0.000000e+00,0.000000e+00,4.314134e-02,1.156604e-04,6.361323e-04,0.000000e+00,1.208651e-02,2.133935e-02,7.055286e-03,1.156604e-04,0.000000e+00,3.238492e-03,4.510756e-03,1.156604e-04,5.783021e-05,3.411982e-03,1.734906e-04,0.000000e+00,1.557946e-01,8.287069e-02,0.000000e+00,0.000000e+00,2.891511e-04,5.863983e-02,0
SRR5224625,0.000000e+00,0.000000e+00,1.783940e-01,1.369151e-02,4.043905e-03,4.043905e-04,2.541883e-03,1.733102e-03,2.310803e-03,8.370884e-02,0.000000e+00,1.530907e-02,1.675332e-03,1.409590e-01,9.820913e-04,2.137493e-03,5.777008e-04,2.830734e-03,1.675332e-03,0.000000e+00,5.777008e-05,0.000000e+00,4.350087e-02,2.888504e-04,1.213172e-03,6.932409e-04,1.155402e-04,1.155402e-04,5.777008e-05,2.310803e-04,0.000000e+00,8.665511e-04,4.621606e-04,2.426343e-03,5.020220e-02,1.675332e-03,0.000000e+00,0.000000e+00,4.407857e-02,0.000000e+00,0.000000e+00,0.000000e+00,9.012132e-03,3.235124e-02,1.623339e-02,5.777008e-05,2.310803e-04,8.665511e-04,1.380705e-02,0.000000e+00,0.000000e+00,8.376661e-03,8.665511e-04,0.000000e+00,1.525708e-01,1.134027e-01,0.000000e+00,0.000000e+00,3.466205e-04,5.291739e-02,1
SRR5224626,0.0000000000,0.0000000000,0.0827845176,0.0044482958,0.0004621606,0.0000000000,0.0012131716,0.0008087811,0.0002888504,0.1963027152,0.0000000000,0.0065280185,0.0007510110,0.1101097631,0.0000000000,0.0002888504,0.0000000000,0.0012131716,0.0005777008,0.0000000000,0.0000000000,0.0000000000,0.0091276719,0.0001733102,0.0003466205,0.0000000000,0.0000000000,0.0000000000,0.0000000000,0.0002888504,0.0000000000,0.0001733102,0.0000000000,0.0005199307,0.1142114385,0.0012709417,0.0000000000,0.0000000000,0.0090699018,0.0000000000,0.0000000000,0.0000000000,0.0009243212,0.0107452340,0.0018486424,0.0000000000,0.0000000000,0.0000000000,0.0002310803,0.0000000000,0.0000000000,0.0009820913,0.0000000000,0.0000000000,0.1574234547,0.2645291739,0.0000000000,0.0000000000,0.0000000000,0.0223570191,1
SRR5224628,0.000000e+00,0.000000e+00,1.384295e-01,1.098647e-02,2.717706e-03,2.891176e-04,1.619059e-03,5.782352e-03,3.238117e-03,1.126980e-01,1.156470e-04,1.671100e-02,2.312941e-04,1.682665e-01,4.625882e-04,9.251764e-04,1.040823e-03,6.360587e-04,1.098647e-03,0.000000e+00,4.047647e-04,5.204117e-04,1.931306e-02,1.156470e-04,7.517058e-04,2.312941e-03,2.891176e-04,5.782352e-05,5.782352e-05,5.724529e-03,0.000000e+00,4.625882e-04,2.891176e-04,9.829999e-04,5.678270e-02,3.874176e-03,5.782352e-05,0.000000e+00,2.538453e-02,0.000000e+00,4.047647e-04,0.000000e+00,3.469411e-03,2.717706e-02,3.295941e-03,0.000000e+00,0.000000e+00,1.156470e-03,5.493235e-03,0.000000e+00,0.000000e+00,1.387765e-03,1.734706e-04,0.000000e+00,1.771713e-01,1.529432e-01,0.000000e+00,0.000000e+00,0.000000e+00,4.469758e-02,0
SRR5224631,1.157541e-04,0.000000e+00,2.234634e-01,7.234634e-03,3.009608e-03,2.315083e-04,5.845584e-03,2.430837e-03,9.260331e-04,1.881584e-01,0.000000e+00,3.345295e-02,1.099664e-03,5.457808e-02,1.446927e-03,2.893853e-04,1.331173e-03,3.472624e-04,0.000000e+00,0.000000e+00,5.787707e-05,0.000000e+00,4.867462e-02,6.945248e-04,1.099664e-03,1.620558e-03,5.787707e-05,0.000000e+00,0.000000e+00,8.681560e-04,5.787707e-05,2.083574e-03,5.208936e-04,2.778099e-03,3.553652e-02,4.745920e-03,0.000000e+00,0.000000e+00,3.073272e-02,0.000000e+00,0.000000e+00,0.000000e+00,8.970946e-03,1.904156e-02,1.093877e-02,0.000000e+00,0.000000e+00,5.208936e-04,3.935641e-03,0.000000e+00,0.000000e+00,3.762009e-03,6.366478e-04,0.000000e+00,1.674384e-01,7.998611e-02,0.000000e+00,5.787707e-05,0.000000e+00,5.122121e-02,1
SRR5224633,0.000000e+00,0.000000e+00,2.703483e-02,3.119404e-03,4.621339e-04,0.000000e+00,1.097568e-03,1.155335e-04,5.776674e-04,2.464329e-01,0.000000e+00,9.820345e-03,1.675235e-03,1.950205e-01,5.776674e-05,8.087343e-04,9.820345e-04,2.888337e-04,0.000000e+00,5.776674e-05,0.000000e+00,0.000000e+00,5.372307e-03,0.000000e+00,0.000000e+00,9.242678e-04,4.621339e-04,0.000000e+00,0.000000e+00,2.888337e-04,0.000000e+00,0.000000e+00,0.000000e+00,2.946104e-03,5.372307e-03,3.466004e-04,0.000000e+00,0.000000e+00,3.639304e-03,5.776674e-05,0.000000e+00,2.310670e-04,8.087343e-04,5.661140e-02,0.000000e+00,0.000000e+00,7.509676e-04,0.000000e+00,2.888337e-03,0.000000e+00,0.000000e+00,6.354341e-04,0.000000e+00,0.000000e+00,1.916123e-01,2.083646e-01,0.000000e+00,0.000000e+00,0.000000e+00,3.113627e-02,1
SRR5224639,5.208936e-04,0.000000e+00,9.700197e-02,8.739437e-03,1.620558e-03,0.000000e+00,6.945248e-03,9.260331e-04,4.051395e-03,1.916889e-01,0.000000e+00,4.554925e-02,7.524019e-04,7.680287e-02,0.000000e+00,2.488714e-03,2.893853e-04,9.839102e-04,3.993518e-03,5.787707e-05,0.000000e+00,0.000000e+00,4.728557e-02,2.893853e-04,1.736312e-03,3.472624e-03,0.000000e+00,0.000000e+00,0.000000e+00,1.041787e-03,0.000000e+00,1.736312e-04,0.000000e+00,3.993518e-03,1.091562e-01,1.846279e-02,6.945248e-04,0.000000e+00,3.131149e-02,3.472624e-04,3.472624e-04,0.000000e+00,9.318208e-03,2.569742e-02,1.117027e-02,0.000000e+00,0.000000e+00,0.000000e+00,1.389050e-03,0.000000e+00,5.787707e-05,3.414747e-03,1.736312e-04,0.000000e+00,2.043639e-01,6.621137e-02,0.000000e+00,0.000000e+00,0.000000e+00,1.747887e-02,1
SRR5224647,0.000000e+00,0.000000e+00,2.815764e-02,3.692805e-03,0.000000e+00,0.000000e+00,6.347008e-04,1.038601e-03,3.462005e-04,3.397957e-01,0.000000e+00,2.365703e-03,1.384802e-03,2.063355e-01,0.000000e+00,4.039005e-04,6.347008e-04,1.731002e-04,1.154002e-04,0.000000e+00,0.000000e+00,0.000000e+00,9.232012e-03,0.000000e+00,0.000000e+00,0.000000e+00,0.000000e+00,5.770008e-04,2.308003e-04,0.000000e+00,0.000000e+00,0.000000e+00,0.000000e+00,1.500202e-03,6.231608e-03,1.154002e-04,0.000000e+00,0.000000e+00,2.711904e-03,0.000000e+00,0.000000e+00,0.000000e+00,1.038601e-03,1.500202e-02,4.039005e-04,0.000000e+00,5.770008e-05,0.000000e+00,0.000000e+00,0.000000e+00,0.000000e+00,2.885004e-04,0.000000e+00,0.000000e+00,1.145923e-01,2.443021e-01,0.000000e+00,0.000000e+00,0.000000e+00,1.863712e-02,1
SRR5224648,0.0000000000,0.0000000000,0.0961649532,0.0276654730,0.0006930807,0.0000000000,0.0036964306,0.0117246159,0.0087212660,0.1003234377,0.0005198106,0.0631281044,0.0005198106,0.0654961303,0.0010396211,0.0017327019,0.0019059720,0.0016749451,0.0054868892,0.0004620538,0.0001155135,0.0013861615,0.0096453737,0.0003465404,0.0022525124,0.0000000000,0.0005775673,0.0000000000,0.0003465404,0.0009241077,0.0000000000,0.0000000000,0.0008085942,0.0028300797,0.2244426476,0.0051403489,0.0004620538,0.0000000000,0.0435485734,0.0000000000,0.0010973778,0.0001732702,0.0038697008,0.0171537484,0.0114935890,0.0001732702,0.0002887836,0.0009818644,0.0051403489,0.0001155135,0.0000000000,0.0025990528,0.0003465404,0.0000000000,0.1792191290,0.0607600785,0.0000000000,0.0006353240,0.0004620538,0.0317084440,0
SRR5224652,0.0000000000,0.0000000000,0.1823812004,0.0118654859,0.0002894021,0.0026046189,0.0325866759,0.0007524454,0.0000000000,0.0711350350,0.0000000000,0.0267407536,0.0010418475,0.1245007814,0.0000000000,0.0000000000,0.0000000000,0.0033570643,0.0000000000,0.0000000000,0.0000000000,0.0000000000,0.0354228165,0.0000000000,0.0000000000,0.0005209238,0.0000000000,0.0000000000,0.0000000000,0.0307923829,0.0000000000,0.0000000000,0.0000000000,0.0015048909,0.0371592290,0.0028361405,0.0000000000,0.0000000000,0.0207211900,0.0000000000,0.0000000000,0.0000000000,0.0103605950,0.0141228222,0.0111130405,0.0000000000,0.0000000000,0.0000000000,0.0067141286,0.0000000000,0.0000000000,0.0003472825,0.0000000000,0.0000000000,0.1653064768,0.1166869248,0.0000000000,0.0000000000,0.0000000000,0.0891358453,1
SRR5224661,0.0000000000,0.0000000000,0.3250636132,0.0330210502,0.0000000000,0.0000000000,0.0026601897,0.0180430257,0.0000000000,0.0296668980,0.0000000000,0.0019083969,0.0000000000,0.1109761740,0.0000000000,0.0000000000,0.0000000000,0.0020240574,0.0000000000,0.0000000000,0.0000000000,0.0000000000,0.0034119824,0.0000000000,0.0000000000,0.0009252834,0.0000000000,0.0000000000,0.0000000000,0.0052625492,0.0000000000,0.0000000000,0.0000000000,0.0000000000,0.1025329632,0.0064191534,0.0000000000,0.0000000000,0.0150358547,0.0000000000,0.0008674532,0.0000000000,0.0027180199,0.0512953967,0.0136479297,0.0000000000,0.0003469813,0.0005204719,0.0039324543,0.0000000000,0.0000000000,0.0050890585,0.0000000000,0.0000000000,0.1464839232,0.0794008790,0.0078070784,0.0000000000,0.0000000000,0.0309391626,0
SRR5224670,0.0000000000,0.0000000000,0.0272795432,0.0033450603,0.0000000000,0.0000000000,0.0044985293,0.0006920814,0.0002883673,0.2606840072,0.0000000000,0.0086510179,0.0004613876,0.1389353481,0.0000000000,0.0008074283,0.0000000000,0.0005767345,0.0006344080,0.0000000000,0.0000000000,0.0000000000,0.0084203241,0.0000000000,0.0000000000,0.0009804487,0.0000000000,0.0000000000,0.0000000000,0.0000000000,0.0000000000,0.0001153469,0.0000000000,0.0004037142,0.0794740181,0.0000000000,0.0000000000,0.0000000000,0.0070361613,0.0000000000,0.0000000000,0.0000000000,0.0023069381,0.0053636311,0.0044985293,0.0000000000,0.0000000000,0.0000000000,0.0021339178,0.0000000000,0.0000000000,0.0008651018,0.0000000000,0.0000000000,0.1625237903,0.2624718842,0.0000000000,0.0000000000,0.0000000000,0.0165522810,1
SRR5224675,0.0002315619,0.0000000000,0.0561537571,0.0195090888,0.0009841380,0.0000000000,0.0016788237,0.0043996758,0.0042260044,0.1461734399,0.0000000000,0.0373393539,0.0007525761,0.1569989580,0.0004052333,0.0005210142,0.0001736714,0.0070047470,0.0025471807,0.0000000000,0.0000000000,0.0004631238,0.0297557022,0.0003473428,0.0000000000,0.0020261665,0.0002894524,0.0002315619,0.0000000000,0.0026629617,0.0000000000,0.0000000000,0.0000000000,0.0008683571,0.2193469955,0.0128516846,0.0000000000,0.0000000000,0.0149936320,0.0000000000,0.0000000000,0.0000000000,0.0158619891,0.0443441010,0.0053259234,0.0000000000,0.0000000000,0.0000000000,0.0044575663,0.0000000000,0.0000000000,0.0007525761,0.0000000000,0.0000000000,0.1077341670,0.0666898229,0.0003473428,0.0000000000,0.0000000000,0.0315503068,1
SRR5224679,0.0000000000,0.0000000000,0.1217511840,0.0099919141,0.0000000000,0.0000000000,0.0101074275,0.0052558623,0.0000000000,0.1637403257,0.0000000000,0.0306688229,0.0000000000,0.0720803974,0.0003465404,0.0002310269,0.0000000000,0.0006353240,0.0031188633,0.0000000000,0.0000000000,0.0000000000,0.0301490124,0.0006930807,0.0000000000,0.0016171884,0.0000000000,0.0000000000,0.0000000000,0.0025990528,0.0000000000,0.0000000000,0.0000000000,0.0031766201,0.1456624697,0.0059489431,0.0000000000,0.0000000000,0.0128219938,0.0000000000,0.0000000000,0.0000000000,0.0124754534,0.0157098302,0.0042739979,0.0000000000,0.0000000000,0.0000000000,0.0009241077,0.0000000000,0.0000000000,0.0030611066,0.0000000000,0.0000000000,0.2333949405,0.0757768280,0.0000000000,0.0000000000,0.0000000000,0.0337876863,1
SRR5224690,0.0000000000,0.0000000000,0.0004618404,0.0013277912,0.0000000000,0.0000000000,0.0000000000,0.0000000000,0.0000000000,0.0277681561,0.0000000000,0.0000000000,0.0034060732,0.3843089713,0.0000000000,0.0002886503,0.0000000000,0.0020205519,0.0000000000,0.0000000000,0.0000000000,0.0000000000,0.0000000000,0.0000000000,0.0000000000,0.0000000000,0.0000000000,0.0000000000,0.0000000000,0.0000000000,0.0000000000,0.0000000000,0.0000000000,0.0000000000,0.0000000000,0.0000000000,0.0000000000,0.0000000000,0.0000000000,0.0000000000,0.0000000000,0.0000000000,0.0000000000,0.0375822653,0.0000000000,0.0000000000,0.0000000000,0.0000000000,0.0000000000,0.0000000000,0.0000000000,0.0000000000,0.0000000000,0.0000000000,0.1750952546,0.3563098949,0.0013855213,0.0000000000,0.0000000000,0.0100450294,0
SRR5224709,0.0010996643,0.0000000000,0.0978701239,0.0118647992,0.0010996643,0.0000000000,0.0026044681,0.0045144114,0.0017363121,0.2260099549,0.0000000000,0.0552147239,0.0005787707,0.0751823128,0.0005208936,0.0003472624,0.0004630166,0.0020256974,0.0020256974,0.0000000000,0.0000000000,0.0005208936,0.0747771733,0.0000000000,0.0020256974,0.0012732955,0.0005208936,0.0000000000,0.0000000000,0.0043407802,0.0000000000,0.0008102790,0.0000000000,0.0023729598,0.0975807385,0.0204884825,0.0002315083,0.0000000000,0.0244820002,0.0000000000,0.0000000000,0.0000000000,0.0064822317,0.0212987614,0.0060192152,0.0000000000,0.0000000000,0.0000000000,0.0012732955,0.0000000000,0.0002315083,0.0076976502,0.0000000000,0.0000000000,0.1380946869,0.0777289038,0.0000000000,0.0000000000,0.0000000000,0.0285912721,1
SRR5224713,0.0000000000,0.0000000000,0.1884971098,0.0310982659,0.0000000000,0.0005780347,0.0113872832,0.0070520231,0.0030635838,0.0478612717,0.0000000000,0.0174566474,0.0032369942,0.2124855491,0.0015606936,0.0000000000,0.0000000000,0.0015028902,0.0000000000,0.0009248555,0.0000000000,0.0000000000,0.0200578035,0.0000000000,0.0000000000,0.0004046243,0.0000000000,0.0000000000,0.0000000000,0.0036994220,0.0000000000,0.0009248555,0.0003468208,0.0013294798,0.0547976879,0.0012138728,0.0000000000,0.0000000000,0.0142196532,0.0000000000,0.0000000000,0.0000000000,0.0065317919,0.0281502890,0.0007514451,0.0000000000,0.0001156069,0.0000000000,0.0220231214,0.0000000000,0.0000000000,0.0032947977,0.0000000000,0.0000000000,0.1621387283,0.0732947977,0.0000000000,0.0000000000,0.0000000000,0.0800000000,0
SRR5224720,0.0000000000,0.0000000000,0.0128286622,0.0021381104,0.0000000000,0.0000000000,0.0000000000,0.0000000000,0.0009245883,0.1727246461,0.0000000000,0.0000000000,0.0008090147,0.2317249350,0.0000000000,0.0001733603,0.0002889338,0.0000000000,0.0000000000,0.0000000000,0.0000000000,0.0000000000,0.0057786767,0.0000000000,0.0000000000,0.0000000000,0.0000000000,0.0008090147,0.0000000000,0.0000000000,0.0000000000,0.0000000000,0.0000000000,0.0000000000,0.0000000000,0.0000000000,0.0000000000,0.0000000000,0.0000000000,0.0000000000,0.0000000000,0.0000000000,0.0046807281,0.2127130887,0.0000000000,0.0000000000,0.0000000000,0.0000000000,0.0042184340,0.0000000000,0.0000000000,0.0000000000,0.0000000000,0.0000000000,0.1466628142,0.1844553597,0.0009245883,0.0000000000,0.0000000000,0.0181450448,0
SRR5224722,0.000000e+00,0.000000e+00,8.985457e-02,1.633195e-02,0.000000e+00,3.462604e-04,5.136196e-03,3.058633e-03,1.962142e-03,1.608380e-01,0.000000e+00,1.206140e-02,1.385042e-03,1.576062e-01,1.154201e-04,5.193906e-04,2.885503e-04,5.771006e-04,2.885503e-04,5.193906e-04,0.000000e+00,0.000000e+00,2.689289e-02,0.000000e+00,5.193906e-04,4.616805e-04,5.771006e-05,0.000000e+00,0.000000e+00,0.000000e+00,0.000000e+00,5.771006e-05,0.000000e+00,8.656510e-04,3.272161e-02,1.673592e-03,0.000000e+00,0.000000e+00,1.517775e-02,0.000000e+00,2.308403e-04,0.000000e+00,2.481533e-03,9.060480e-03,2.885503e-03,0.000000e+00,0.000000e+00,0.000000e+00,6.578947e-03,0.000000e+00,0.000000e+00,2.192982e-03,0.000000e+00,0.000000e+00,2.225300e-01,1.782664e-01,0.000000e+00,0.000000e+00,0.000000e+00,4.645660e-02,1
SRR5224760,0.0000000000,0.0000000000,0.0847899062,0.0695103600,0.0025465910,0.0000000000,0.0032989929,0.0036462554,0.0012732955,0.0409769649,0.0000000000,0.0133117259,0.0013890497,0.2592313925,0.0020835745,0.0041671490,0.0120384304,0.0021414516,0.0000000000,0.0003472624,0.0000000000,0.0000000000,0.0557934946,0.0000000000,0.0000000000,0.0015048038,0.0006945248,0.0000000000,0.0005208936,0.0000000000,0.0000000000,0.0012154185,0.0010996643,0.0017941891,0.1246093298,0.0052089362,0.0000000000,0.0000000000,0.0000000000,0.0000000000,0.0000000000,0.0000000000,0.0062507235,0.0300381989,0.0017363121,0.0013311726,0.0000000000,0.0073503878,0.0274916078,0.0000000000,0.0002893853,0.0018520662,0.0000000000,0.0000000000,0.0801018636,0.0806806343,0.0000000000,0.0002315083,0.0000000000,0.0694524829,1
SRR5224772,0.0000000000,0.0002310536,0.1348775416,0.0834103512,0.0018484288,0.0010975046,0.0017329020,0.0031769871,0.0009819778,0.0441890018,0.0000000000,0.0202171904,0.0009242144,0.2024607209,0.0039279113,0.0039856747,0.0073359519,0.0016751386,0.0003465804,0.0000000000,0.0000000000,0.0000000000,0.0573012939,0.0002310536,0.0009242144,0.0039279113,0.0000000000,0.0000577634,0.0004621072,0.0000000000,0.0004043438,0.0009819778,0.0006353974,0.0020794824,0.0908040665,0.0032347505,0.0000000000,0.0000000000,0.0099930684,0.0000000000,0.0000000000,0.0000000000,0.0073937153,0.0359288355,0.0050254159,0.0016173752,0.0000000000,0.0094731978,0.0323475046,0.0000000000,0.0004621072,0.0038701479,0.0000000000,0.0000000000,0.0710489834,0.0635975046,0.0000000000,0.0001732902,0.0000000000,0.0856053604,1
SRR5224774,0.0000000000,0.0000000000,0.0264682034,0.0063129851,0.0000000000,0.0000000000,0.0011583459,0.0015058496,0.0004633384,0.3844549983,0.0000000000,0.0011004286,0.0000000000,0.3256689447,0.0000000000,0.0000000000,0.0000000000,0.0027221128,0.0012162632,0.0000000000,0.0000000000,0.0000000000,0.0316807599,0.0000000000,0.0000000000,0.0000000000,0.0000000000,0.0000000000,0.0000000000,0.0000000000,0.0000000000,0.0000000000,0.0000000000,0.0009845940,0.0113517896,0.0000000000,0.0000000000,0.0000000000,0.0026641955,0.0000000000,0.0000000000,0.0002316692,0.0003475038,0.0315070080,0.0000000000,0.0000000000,0.0003475038,0.0000000000,0.0000000000,0.0000000000,0.0000000000,0.0000000000,0.0000000000,0.0000000000,0.0577435422,0.1016448512,0.0000000000,0.0000000000,0.0000000000,0.0104251129,1
SRR5224775,0.0000000000,0.0000000000,0.2560096847,0.0430622010,0.0000000000,0.0000000000,0.0040929267,0.0125093676,0.0014988182,0.0440998444,0.0000000000,0.0091082031,0.0020752868,0.0852596991,0.0002882343,0.0004611748,0.0013835245,0.0000000000,0.0014411714,0.0000000000,0.0000000000,0.0000000000,0.0195422840,0.0008070560,0.0000000000,0.0014411714,0.0000000000,0.0000000000,0.0000000000,0.0000000000,0.0000000000,0.0006917623,0.0004611748,0.0034588113,0.0533809881,0.0023635211,0.0000000000,0.0000000000,0.0415633827,0.0000000000,0.0037470456,0.0004035280,0.0084164409,0.0297457774,0.0069752695,0.0000000000,0.0000000000,0.0092234969,0.0131434830,0.0000000000,0.0000000000,0.0034011645,0.0000000000,0.0000000000,0.1265348475,0.0700985761,0.0000000000,0.0000000000,0.0000000000,0.1433100824,0
SRR5224784,0.0000000000,0.0000000000,0.1040272329,0.0170782368,0.0000000000,0.0000000000,0.0036925917,0.0038656820,0.0009808447,0.1170090007,0.0000000000,0.0098084468,0.0009808447,0.1362797138,0.0009231479,0.0010385414,0.0002884837,0.0001730902,0.0017309024,0.0000000000,0.0000000000,0.0000000000,0.0163858758,0.0000000000,0.0000000000,0.0000000000,0.0000000000,0.0000000000,0.0001730902,0.0019616894,0.0002884837,0.0008077544,0.0002884837,0.0035195015,0.2013616432,0.0033464113,0.0000000000,0.0000000000,0.0151742442,0.0000000000,0.0000000000,0.0000000000,0.0135587353,0.0236556658,0.0076159705,0.0000000000,0.0000000000,0.0000000000,0.0028271405,0.0000000000,0.0000000000,0.0000000000,0.0000000000,0.0000000000,0.1648972998,0.1041426264,0.0000000000,0.0000000000,0.0000000000,0.0421186245,1
SRR5224787,0.0006356177,0.0000000000,0.2060557032,0.1054547556,0.0064717439,0.0000000000,0.0043337571,0.0158904426,0.0012712354,0.0269848607,0.0000000000,0.0223044031,0.0007511846,0.1327285335,0.0031780885,0.0024846874,0.0116722524,0.0046226742,0.0000000000,0.0000000000,0.0000000000,0.0000000000,0.0467467930,0.0000000000,0.0011556686,0.0023113371,0.0000000000,0.0000000000,0.0002889171,0.0000000000,0.0000000000,0.0000000000,0.0004044840,0.0012712354,0.0920490003,0.0048538079,0.0000000000,0.0000000000,0.0085519473,0.0000000000,0.0020802034,0.0000000000,0.0153703918,0.0276782619,0.0082052467,0.0000000000,0.0005200508,0.0052582919,0.0078585462,0.0000000000,0.0000000000,0.0046226742,0.0000000000,0.0000000000,0.0935513695,0.0644863053,0.0000000000,0.0000000000,0.0005200508,0.0673754767,0
SRR5224793,0.0000000000,0.0000000000,0.2542451196,0.0137461014,0.0046782950,0.0000000000,0.0053713758,0.0057756729,0.0000000000,0.0570636479,0.0000000000,0.0068730507,0.0006930807,0.0797042855,0.0001732702,0.0013861615,0.0070463209,0.0004620538,0.0011551346,0.0000000000,0.0000000000,0.0000000000,0.0581610258,0.0000000000,0.0002887836,0.0004620538,0.0000000000,0.0000000000,0.0000000000,0.0000000000,0.0000000000,0.0011551346,0.0008085942,0.0036964306,0.0706942359,0.0012128913,0.0000000000,0.0000000000,0.0289361211,0.0000000000,0.0000000000,0.0001155135,0.0101651842,0.0506526510,0.0051403489,0.0009241077,0.0000000000,0.0006353240,0.0042739979,0.0000000000,0.0000000000,0.0022525124,0.0000000000,0.0000000000,0.1513226291,0.0865195795,0.0000000000,0.0000000000,0.0000000000,0.0842093104,0
SRR5224810,0.0012710151,0.0000000000,0.3099543590,0.0058351147,0.0098792536,0.0000000000,0.0037552718,0.0021953897,0.0005777341,0.0909931250,0.0000000000,0.0091281992,0.0000000000,0.0545381016,0.0003466405,0.0008088278,0.0000000000,0.0000000000,0.0006932810,0.0000000000,0.0000000000,0.0000000000,0.0404991623,0.0000000000,0.0007510544,0.0001733202,0.0000000000,0.0000000000,0.0000000000,0.0015598821,0.0003466405,0.0007510544,0.0010399214,0.0042752325,0.0980992547,0.0050262869,0.0000000000,0.0000000000,0.0518227512,0.0000000000,0.0000000000,0.0000000000,0.0051996071,0.0123057369,0.0062973020,0.0010976948,0.0000000000,0.0000000000,0.0121324167,0.0000000000,0.0000000000,0.0035241782,0.0000000000,0.0000000000,0.1501530995,0.0610664972,0.0000000000,0.0000000000,0.0000000000,0.0539025940,0
SRR5224813,0.0000000000,0.0000000000,0.2017665397,0.0253434938,0.0000000000,0.0017896317,0.0065234961,0.0013277912,0.0000000000,0.0534003002,0.0000000000,0.0050225147,0.0009814109,0.2101373975,0.0010968710,0.0000000000,0.0001154601,0.0000000000,0.0000000000,0.0000000000,0.0000000000,0.0000000000,0.0232074818,0.0000000000,0.0000000000,0.0010968710,0.0010968710,0.0000000000,0.0000000000,0.0000000000,0.0005195705,0.0008659508,0.0006350306,0.0000000000,0.0554785821,0.0019628218,0.0000000000,0.0000000000,0.0253434938,0.0000000000,0.0000000000,0.0000000000,0.0024246623,0.0196282185,0.0053688950,0.0000000000,0.0002309202,0.0000000000,0.0129315322,0.0000000000,0.0000000000,0.0013855213,0.0000000000,0.0000000000,0.1409190625,0.0835353885,0.0000000000,0.0000000000,0.0000000000,0.1158642189,1
SRR5224822,2.311337e-04,5.778343e-04,2.559806e-01,4.680458e-02,7.396279e-03,0.000000e+00,2.426904e-03,4.796025e-03,1.733503e-03,4.131515e-02,0.000000e+00,1.190339e-02,2.484687e-03,1.024500e-01,2.600254e-03,3.293655e-03,1.745060e-02,2.889171e-03,0.000000e+00,0.000000e+00,5.778343e-05,3.467006e-04,4.842251e-02,0.000000e+00,1.675719e-03,1.271235e-03,0.000000e+00,0.000000e+00,5.778343e-04,0.000000e+00,1.733503e-04,1.733503e-04,1.791286e-03,1.733503e-03,6.194383e-02,2.137987e-03,0.000000e+00,0.000000e+00,4.391541e-02,9.245348e-04,0.000000e+00,0.000000e+00,5.489426e-03,2.097538e-02,1.490812e-02,1.906853e-03,1.155669e-03,8.378597e-03,1.456142e-02,0.000000e+00,5.200508e-04,6.529527e-03,0.000000e+00,1.733503e-04,1.044147e-01,7.760314e-02,0.000000e+00,0.000000e+00,0.000000e+00,7.390500e-02,0
SRR5224827,0.000000e+00,0.000000e+00,1.616908e-02,5.370445e-03,0.000000e+00,0.000000e+00,2.887336e-04,5.774672e-04,8.662008e-04,2.591095e-01,0.000000e+00,1.154934e-03,0.000000e+00,3.031125e-01,0.000000e+00,0.000000e+00,1.732402e-04,1.559162e-03,0.000000e+00,0.000000e+00,0.000000e+00,0.000000e+00,1.020962e-01,0.000000e+00,0.000000e+00,0.000000e+00,0.000000e+00,5.774672e-05,0.000000e+00,0.000000e+00,0.000000e+00,0.000000e+00,0.000000e+00,1.905642e-03,4.908471e-03,2.887336e-04,0.000000e+00,0.000000e+00,2.136629e-03,0.000000e+00,0.000000e+00,0.000000e+00,9.816943e-04,2.506208e-02,1.732402e-04,5.774672e-05,1.154934e-03,0.000000e+00,8.662008e-04,0.000000e+00,0.000000e+00,0.000000e+00,0.000000e+00,0.000000e+00,8.026794e-02,1.615753e-01,0.000000e+00,0.000000e+00,0.000000e+00,3.008604e-02,1
SRR5224830,0.0000000000,0.0000000000,0.0211643280,0.0043488345,0.0026093007,0.0000000000,0.0026672852,0.0006378291,0.0000000000,0.0147860373,0.0000000000,0.0006378291,0.0002319378,0.2888785805,0.0000000000,0.0037110055,0.0008697669,0.0051606170,0.0018555027,0.0000000000,0.0000000000,0.0000000000,0.0197147165,0.0000000000,0.0000000000,0.0000000000,0.0006378291,0.0000000000,0.0000000000,0.0000000000,0.0000000000,0.0000000000,0.0000000000,0.0002319378,0.0029572075,0.0000000000,0.0000000000,0.0000000000,0.0007537980,0.0000000000,0.0000000000,0.0000000000,0.0000000000,0.0112489853,0.0000000000,0.0000000000,0.0000000000,0.0000000000,0.0017395338,0.0000000000,0.0000000000,0.0000000000,0.0000000000,0.0000000000,0.1668792764,0.4252580308,0.0000000000,0.0000000000,0.0000000000,0.0230198307,0
SRR5224831,0.000000e+00,0.000000e+00,9.915014e-02,1.757530e-02,2.312540e-04,0.000000e+00,1.618778e-03,2.023472e-03,5.781349e-04,9.666416e-02,0.000000e+00,1.150489e-02,0.000000e+00,2.137943e-01,0.000000e+00,1.792218e-03,1.734405e-04,4.046945e-04,7.515754e-04,0.000000e+00,0.000000e+00,0.000000e+00,2.879112e-02,0.000000e+00,0.000000e+00,0.000000e+00,0.000000e+00,0.000000e+00,0.000000e+00,4.046945e-04,5.781349e-05,7.515754e-04,0.000000e+00,5.318841e-03,6.671677e-02,8.672024e-04,0.000000e+00,0.000000e+00,1.838469e-02,0.000000e+00,0.000000e+00,0.000000e+00,1.092675e-02,2.353009e-02,7.689195e-03,4.046945e-04,0.000000e+00,8.093889e-04,1.023299e-02,0.000000e+00,0.000000e+00,5.203214e-04,0.000000e+00,0.000000e+00,1.725733e-01,1.377696e-01,0.000000e+00,0.000000e+00,0.000000e+00,6.798867e-02,1
SRR5224833,0.0000000000,0.0000000000,0.0201365583,0.0103575975,0.0015044555,0.0000000000,0.0022566833,0.0013887282,0.0002893184,0.3608957297,0.0000000000,0.0022566833,0.0010994098,0.2053003125,0.0000000000,0.0011572735,0.0000000000,0.0012730008,0.0039347298,0.0000000000,0.0000000000,0.0000000000,0.0507464414,0.0000000000,0.0000000000,0.0000000000,0.0000000000,0.0000000000,0.0000000000,0.0000000000,0.0001157273,0.0000000000,0.0001157273,0.0005207731,0.0118041893,0.0000000000,0.0000000000,0.0000000000,0.0022566833,0.0000000000,0.0000000000,0.0000000000,0.0000000000,0.0097210971,0.0009258188,0.0000000000,0.0000000000,0.0003471820,0.0046290939,0.0000000000,0.0000000000,0.0000000000,0.0000000000,0.0000000000,0.0878949196,0.1872468464,0.0000000000,0.0000000000,0.0000000000,0.0318250203,1
SRR5224834,0.000000e+00,1.155001e-04,1.582929e-01,2.789328e-02,9.240009e-04,2.887503e-04,1.674752e-03,1.732502e-03,1.674752e-03,6.519982e-02,0.000000e+00,1.386001e-02,3.465003e-04,1.498036e-01,9.240009e-04,2.656503e-03,1.963502e-03,0.000000e+00,1.155001e-04,0.000000e+00,0.000000e+00,0.000000e+00,1.972164e-01,0.000000e+00,9.240009e-04,1.732502e-03,5.775006e-05,0.000000e+00,0.000000e+00,0.000000e+00,0.000000e+00,4.620005e-04,1.501502e-03,3.234003e-03,7.761608e-02,2.714253e-03,0.000000e+00,0.000000e+00,3.078078e-02,0.000000e+00,2.887503e-04,0.000000e+00,4.677755e-03,2.344652e-02,3.811504e-03,3.465003e-04,0.000000e+00,2.887503e-04,5.024255e-03,0.000000e+00,0.000000e+00,9.817510e-03,0.000000e+00,0.000000e+00,9.228459e-02,6.450681e-02,0.000000e+00,0.000000e+00,2.310002e-04,5.157080e-02,0
SRR5224836,0.0000000000,0.0000000000,0.0254325862,0.0027871327,0.0007548484,0.0000000000,0.0018580885,0.0000000000,0.0000000000,0.0652653583,0.0000000000,0.0006387179,0.0008709790,0.3049007084,0.0000000000,0.0011613053,0.0012193706,0.0025548717,0.0000000000,0.0000000000,0.0000000000,0.0000000000,0.0396005110,0.0000000000,0.0000000000,0.0000000000,0.0000000000,0.0000000000,0.0000000000,0.0000000000,0.0000000000,0.0000000000,0.0000000000,0.0024387411,0.0016258274,0.0000000000,0.0000000000,0.0000000000,0.0015096969,0.0000000000,0.0000000000,0.0000000000,0.0019742190,0.0797816746,0.0000000000,0.0000000000,0.0009871095,0.0000000000,0.0027871327,0.0000000000,0.0000000000,0.0000000000,0.0000000000,0.0000000000,0.1586343050,0.2838810823,0.0002322611,0.0000000000,0.0000000000,0.0191034723,0
SRR5224840,0.0000000000,0.0000000000,0.2104958630,0.0168952150,0.0013307875,0.0000000000,0.0042816641,0.0030087369,0.0001735810,0.0735983336,0.0000000000,0.0152172655,0.0013886478,0.0973210669,0.0023144130,0.0017358098,0.0051495689,0.0011572065,0.0000000000,0.0000000000,0.0000000000,0.0000000000,0.0681594631,0.0006364636,0.0000000000,0.0000000000,0.0000000000,0.0000000000,0.0000000000,0.0000000000,0.0000000000,0.0009257652,0.0013886478,0.0035873402,0.0870219291,0.0017936701,0.0000000000,0.0000000000,0.0436266852,0.0000000000,0.0008100446,0.0000000000,0.0174159579,0.0333275473,0.0071168200,0.0008100446,0.0038766418,0.0022565527,0.0124978302,0.0000000000,0.0000000000,0.0016779494,0.0000000000,0.0000000000,0.1465602037,0.0895677834,0.0000000000,0.0000000000,0.0000000000,0.0428745010,0
SRR5224850,0.0000000000,0.0000000000,0.1221779548,0.0244817830,0.0004041804,0.0000000000,0.0040418038,0.0043882441,0.0001732202,0.1695247994,0.0000000000,0.0146659738,0.0027137826,0.1547433455,0.0000000000,0.0006351406,0.0002887003,0.0006928807,0.0000000000,0.0000000000,0.0000000000,0.0000000000,0.0651885213,0.0000000000,0.0000000000,0.0000000000,0.0006928807,0.0000000000,0.0000000000,0.0052543449,0.0000000000,0.0006928807,0.0000000000,0.0027715226,0.0668052428,0.0035798834,0.0000000000,0.0000000000,0.0151856343,0.0000000000,0.0000000000,0.0000000000,0.0019631618,0.0215370402,0.0042150240,0.0000000000,0.0000000000,0.0000000000,0.0087764882,0.0000000000,0.0000000000,0.0013857613,0.0000000000,0.0000000000,0.1227553554,0.1053755991,0.0000000000,0.0000000000,0.0000000000,0.0748888504,1
SRR5224853,0.0000000000,0.0000000000,0.2507947517,0.0277440610,0.0024854055,0.0000000000,0.0038726085,0.0064736142,0.0000000000,0.0157794347,0.0000000000,0.0025432056,0.0035836079,0.1296456852,0.0022542050,0.0005202011,0.0021386047,0.0005780013,0.0000000000,0.0000000000,0.0000000000,0.0000000000,0.0126582278,0.0000000000,0.0000000000,0.0008092018,0.0000000000,0.0000000000,0.0004624010,0.0000000000,0.0000000000,0.0000000000,0.0012716028,0.0029478065,0.0421940928,0.0000000000,0.0000000000,0.0000000000,0.0368764811,0.0000000000,0.0009826022,0.0000000000,0.0046818103,0.0289000636,0.0077452170,0.0005202011,0.0000000000,0.0021964048,0.0107508237,0.0000000000,0.0000000000,0.0005780013,0.0000000000,0.0000000000,0.1774463904,0.1679671695,0.0000000000,0.0000000000,0.0000000000,0.0525981157,0
SRR5224869,0.0028341720,0.0000000000,0.1436173289,0.0282838799,0.0045115391,0.0004627220,0.0027763318,0.0024292903,0.0034704147,0.1038810805,0.0000000000,0.0336051825,0.0002892012,0.0864711666,0.0000000000,0.0006940829,0.0023136098,0.0000000000,0.0011568049,0.0000000000,0.0000000000,0.0000000000,0.1206547516,0.0003470415,0.0014460061,0.0030076928,0.0000000000,0.0000000000,0.0000000000,0.0042223379,0.0000000000,0.0005205622,0.0003470415,0.0037596159,0.1407831569,0.0131875759,0.0004048817,0.0000000000,0.0241193823,0.0000000000,0.0000000000,0.0000000000,0.0058418648,0.0242350628,0.0039909769,0.0000000000,0.0000000000,0.0000000000,0.0056105038,0.0000000000,0.0000000000,0.0079241136,0.0004627220,0.0000000000,0.1285210249,0.0610792990,0.0000000000,0.0000000000,0.0000000000,0.0327375788,0
SRR5224871,0.0000000000,0.0000000000,0.0786121837,0.0000000000,0.0002305343,0.0000000000,0.0000000000,0.0000000000,0.0000000000,0.0828194340,0.0000000000,0.0008068699,0.0007492364,0.2392945652,0.0000000000,0.0005187021,0.0006916028,0.0000000000,0.0000000000,0.0000000000,0.0000000000,0.0000000000,0.0013255720,0.0000000000,0.0000000000,0.0000000000,0.0000000000,0.0000000000,0.0002881678,0.0000000000,0.0000000000,0.0000000000,0.0000000000,0.0007492364,0.0017866405,0.0000000000,0.0000000000,0.0000000000,0.0001729007,0.0000000000,0.0000000000,0.0000000000,0.0000000000,0.0447236471,0.0000000000,0.0000000000,0.0000000000,0.0000000000,0.0004610685,0.0000000000,0.0000000000,0.0000000000,0.0000000000,0.0000000000,0.1821797015,0.3405567402,0.0000000000,0.0000000000,0.0000000000,0.0240331969,0
SRR5224874,0.0000000000,0.0000000000,0.0306193057,0.0020182217,0.0002883174,0.0000000000,0.0000000000,0.0003459809,0.0000000000,0.3666243801,0.0000000000,0.0042670972,0.0000000000,0.1549994234,0.0000000000,0.0000000000,0.0000000000,0.0003459809,0.0000000000,0.0000000000,0.0000000000,0.0000000000,0.0129742821,0.0000000000,0.0000000000,0.0000000000,0.0000000000,0.0000000000,0.0000000000,0.0000000000,0.0000000000,0.0000000000,0.0000000000,0.0017299043,0.0054203667,0.0004036443,0.0000000000,0.0000000000,0.0014415869,0.0000000000,0.0000000000,0.0000000000,0.0061699919,0.0181639949,0.0000000000,0.0000000000,0.0000000000,0.0000000000,0.0010379426,0.0000000000,0.0000000000,0.0000000000,0.0000000000,0.0000000000,0.0959520240,0.2849728982,0.0000000000,0.0000000000,0.0000000000,0.0122246569,1
SRR5224881,0.0000000000,0.0000000000,0.4080971660,0.0100636206,0.0062463852,0.0002313476,0.0039329092,0.0016194332,0.0013880856,0.0311740891,0.0000000000,0.0090225564,0.0002891845,0.0738577212,0.0002891845,0.0010410642,0.0032388664,0.0009832273,0.0000000000,0.0000000000,0.0000578369,0.0000000000,0.0344129555,0.0001735107,0.0006362059,0.0006362059,0.0001156738,0.0005205321,0.0000000000,0.0071139387,0.0000578369,0.0014459225,0.0035858878,0.0006940428,0.0263157895,0.0054945055,0.0000578369,0.0000000000,0.0576055523,0.0009253904,0.0000000000,0.0000000000,0.0134759977,0.0195488722,0.0035280509,0.0000000000,0.0000000000,0.0021978022,0.0130133025,0.0000000000,0.0000000000,0.0034702140,0.0002891845,0.0000578369,0.1262001157,0.0790052053,0.0000000000,0.0000000000,0.0006362059,0.0472527473,0
SRR5224884,0.000000e+00,5.783021e-05,2.327088e-01,5.551700e-03,3.585473e-03,7.517927e-04,4.452926e-03,2.081888e-03,2.197548e-03,7.315522e-02,0.000000e+00,3.625954e-02,1.156604e-03,8.553088e-02,2.024057e-03,8.674532e-04,2.139718e-03,0.000000e+00,4.048115e-04,0.000000e+00,0.000000e+00,0.000000e+00,5.355077e-02,2.891511e-04,1.040944e-03,2.081888e-03,0.000000e+00,5.204719e-04,0.000000e+00,1.677076e-03,0.000000e+00,9.484155e-03,3.238492e-03,1.966227e-03,5.123757e-02,8.905852e-03,2.891511e-04,0.000000e+00,2.879944e-02,0.000000e+00,0.000000e+00,0.000000e+00,2.949341e-03,1.503585e-02,7.807078e-03,0.000000e+00,0.000000e+00,1.330095e-03,4.279436e-03,0.000000e+00,0.000000e+00,4.163775e-03,4.626417e-04,0.000000e+00,1.795628e-01,9.599815e-02,0.000000e+00,0.000000e+00,0.000000e+00,7.240342e-02,1
SRR5224885,0.000000e+00,0.000000e+00,1.411649e-01,8.956431e-03,9.823183e-04,5.778343e-04,3.929273e-03,2.253554e-03,2.426904e-03,1.367734e-01,1.155669e-04,2.779383e-02,2.600254e-03,1.155091e-01,8.667514e-04,9.823183e-04,5.200508e-04,2.253554e-03,9.823183e-04,2.889171e-04,5.778343e-05,0.000000e+00,6.373512e-02,2.889171e-04,6.934011e-04,1.213452e-03,5.778343e-04,0.000000e+00,0.000000e+00,1.334797e-02,5.778343e-05,4.044840e-04,2.889171e-04,2.600254e-03,8.933318e-02,1.831735e-02,1.155669e-04,0.000000e+00,2.686929e-02,0.000000e+00,2.889171e-04,0.000000e+00,5.547209e-03,2.282445e-02,6.067260e-03,5.778343e-05,1.155669e-04,0.000000e+00,3.467006e-03,0.000000e+00,0.000000e+00,2.080203e-03,0.000000e+00,0.000000e+00,1.682653e-01,8.702184e-02,0.000000e+00,0.000000e+00,0.000000e+00,3.738588e-02,1
SRR5224887,0.000000e+00,0.000000e+00,1.471182e-01,4.846247e-03,6.288582e-03,0.000000e+00,5.480875e-03,1.384642e-03,2.192350e-03,1.247909e-01,0.000000e+00,3.744303e-02,1.730803e-04,1.252524e-01,5.192408e-04,4.038539e-04,6.346276e-04,0.000000e+00,4.615473e-04,4.615473e-04,0.000000e+00,0.000000e+00,6.455893e-02,0.000000e+00,1.211562e-03,1.961576e-03,0.000000e+00,0.000000e+00,0.000000e+00,1.384642e-03,0.000000e+00,9.230947e-04,1.730803e-03,2.134656e-03,9.773265e-02,3.750072e-03,0.000000e+00,0.000000e+00,2.861593e-02,0.000000e+00,5.769342e-05,0.000000e+00,4.557780e-03,1.171176e-02,8.654013e-03,0.000000e+00,0.000000e+00,2.307737e-04,2.192350e-03,0.000000e+00,0.000000e+00,4.557780e-03,1.038482e-03,0.000000e+00,1.600415e-01,1.014250e-01,0.000000e+00,0.000000e+00,0.000000e+00,4.407777e-02,1
SRR5224894,0.000000e+00,0.000000e+00,2.807859e-01,9.188096e-03,4.911875e-03,0.000000e+00,1.213522e-03,1.906963e-03,3.756140e-03,2.109217e-01,0.000000e+00,3.051141e-02,1.386882e-03,8.251950e-02,2.658191e-03,6.934412e-04,5.200809e-04,1.155735e-04,8.668015e-04,2.889338e-04,1.155735e-04,0.000000e+00,2.675527e-02,2.889338e-04,4.622941e-04,5.778677e-04,1.155735e-04,5.200809e-04,4.622941e-04,1.271309e-03,5.778677e-05,3.120485e-03,1.733603e-03,5.778677e-04,2.294135e-02,2.080324e-03,0.000000e+00,0.000000e+00,2.242127e-02,0.000000e+00,5.778677e-05,0.000000e+00,1.791390e-03,1.242415e-02,6.529905e-03,0.000000e+00,0.000000e+00,9.823750e-04,8.321294e-03,0.000000e+00,2.311471e-04,3.640566e-03,1.733603e-04,0.000000e+00,1.273042e-01,8.240393e-02,0.000000e+00,5.778677e-05,0.000000e+00,4.033516e-02,1
SRR5224896,0.0026705370,0.0000000000,0.2346589260,0.0235703919,0.0159651669,0.0000000000,0.0031349782,0.0029027576,0.0000000000,0.0553846154,0.0000000000,0.0258925980,0.0012191582,0.0910885341,0.0012191582,0.0001741655,0.0028447025,0.0022060958,0.0001741655,0.0000000000,0.0001741655,0.0000000000,0.0979970972,0.0000000000,0.0008127721,0.0026705370,0.0000000000,0.0002322206,0.0006966618,0.0000000000,0.0000000000,0.0001741655,0.0035994194,0.0007547170,0.1000290276,0.0125979681,0.0000000000,0.0000000000,0.0341364296,0.0000000000,0.0000000000,0.0000000000,0.0189259797,0.0184034833,0.0074891147,0.0000000000,0.0000000000,0.0020319303,0.0131204644,0.0000000000,0.0000000000,0.0047024673,0.0000000000,0.0000000000,0.1050798258,0.0568940493,0.0000000000,0.0000000000,0.0000000000,0.0563715530,0
SRR5224915,0.000000e+00,0.000000e+00,2.490426e-01,2.524080e-02,2.146919e-03,1.044447e-03,1.798770e-03,5.048161e-03,0.000000e+00,2.587908e-02,0.000000e+00,4.003714e-03,3.249391e-03,2.493907e-01,1.972844e-03,2.437043e-03,1.508646e-03,5.802483e-04,4.641987e-04,4.061738e-04,0.000000e+00,5.222235e-04,7.079030e-03,0.000000e+00,3.481490e-04,1.740745e-04,1.740745e-04,0.000000e+00,0.000000e+00,4.061738e-04,4.061738e-04,1.740745e-04,1.276546e-03,2.030869e-03,1.061854e-02,2.901242e-04,0.000000e+00,0.000000e+00,2.088894e-02,5.802483e-05,0.000000e+00,1.740745e-04,6.672856e-03,2.355808e-02,9.864222e-03,2.320993e-04,3.481490e-04,2.785192e-03,5.280260e-03,3.481490e-04,2.901242e-04,2.030869e-03,0.000000e+00,0.000000e+00,1.577695e-01,1.161077e-01,9.283974e-04,0.000000e+00,8.123477e-04,5.413717e-02,0
SRR5224923,0.000000e+00,0.000000e+00,1.326183e-02,6.342617e-04,1.729805e-04,0.000000e+00,7.495820e-04,0.000000e+00,5.766015e-04,4.390821e-01,0.000000e+00,1.787465e-03,6.919218e-04,1.579888e-01,0.000000e+00,6.919218e-04,1.153203e-04,9.802226e-04,0.000000e+00,0.000000e+00,0.000000e+00,0.000000e+00,5.996656e-03,0.000000e+00,0.000000e+00,2.883008e-03,0.000000e+00,1.153203e-04,0.000000e+00,0.000000e+00,0.000000e+00,0.000000e+00,0.000000e+00,1.556824e-03,2.191086e-03,0.000000e+00,0.000000e+00,0.000000e+00,1.902785e-03,0.000000e+00,0.000000e+00,0.000000e+00,8.649023e-04,4.457130e-02,0.000000e+00,0.000000e+00,0.000000e+00,5.766015e-05,1.153203e-03,0.000000e+00,0.000000e+00,0.000000e+00,0.000000e+00,0.000000e+00,1.295047e-01,1.794384e-01,0.000000e+00,0.000000e+00,0.000000e+00,1.303119e-02,1
SRR5224926,0.0000000000,0.0000000000,0.0248543913,0.0021913384,0.0006343348,0.0000000000,0.0020183380,0.0001153336,0.0008073352,0.2847586644,0.0000000000,0.0018453376,0.0006920016,0.3198777464,0.0000000000,0.0006920016,0.0000000000,0.0004613344,0.0000000000,0.0000000000,0.0000000000,0.0001153336,0.0070353497,0.0000000000,0.0000000000,0.0000000000,0.0000576668,0.0000000000,0.0000000000,0.0000000000,0.0000000000,0.0001730004,0.0000576668,0.0000000000,0.0025373393,0.0000000000,0.0000000000,0.0000000000,0.0029410069,0.0000000000,0.0000000000,0.0000000000,0.0011533360,0.0081886858,0.0000576668,0.0000000000,0.0000000000,0.0001153336,0.0008650020,0.0000000000,0.0000000000,0.0008650020,0.0001153336,0.0000000000,0.1622167118,0.1606597082,0.0003460008,0.0000000000,0.0000000000,0.0135516983,0
SRR5224927,2.893686e-04,0.000000e+00,1.825337e-01,5.035014e-03,7.523584e-04,0.000000e+00,1.255860e-02,1.388969e-03,1.678338e-03,1.013369e-01,0.000000e+00,3.512935e-02,9.259795e-04,5.793159e-02,5.208635e-04,6.366109e-04,1.099601e-03,0.000000e+00,8.102321e-04,1.736212e-04,1.157474e-04,4.051160e-04,2.540656e-02,2.893686e-04,1.388969e-03,1.041727e-03,0.000000e+00,0.000000e+00,5.787372e-05,1.047514e-02,0.000000e+00,1.909833e-03,8.681058e-04,3.125181e-03,1.769200e-01,1.875109e-02,1.736212e-04,0.000000e+00,3.154118e-02,0.000000e+00,5.787372e-05,0.000000e+00,1.099601e-02,2.529082e-02,6.944846e-03,0.000000e+00,0.000000e+00,0.000000e+00,1.736212e-04,0.000000e+00,0.000000e+00,1.794085e-03,2.314949e-04,0.000000e+00,1.652873e-01,9.109323e-02,0.000000e+00,0.000000e+00,0.000000e+00,2.286012e-02,1
SRR5224928,0.000000e+00,0.000000e+00,1.198476e-01,4.676134e-03,8.082208e-04,4.041104e-04,3.348343e-03,1.847362e-03,4.041104e-04,1.251010e-01,0.000000e+00,1.754994e-02,1.270061e-03,1.718624e-01,1.270061e-03,4.041104e-04,1.212331e-03,0.000000e+00,2.309202e-04,0.000000e+00,0.000000e+00,4.041104e-04,2.753724e-02,2.309202e-04,1.731902e-04,9.236809e-04,0.000000e+00,0.000000e+00,5.773005e-05,1.270061e-03,0.000000e+00,1.039141e-03,5.195705e-04,9.814109e-04,8.336220e-02,2.540122e-03,0.000000e+00,0.000000e+00,2.060963e-02,0.000000e+00,0.000000e+00,0.000000e+00,6.812146e-03,2.678675e-02,4.098834e-03,0.000000e+00,0.000000e+00,0.000000e+00,2.540122e-03,0.000000e+00,0.000000e+00,9.814109e-04,0.000000e+00,0.000000e+00,1.783281e-01,1.439788e-01,2.886503e-04,0.000000e+00,0.000000e+00,4.629950e-02,1
SRR5224931,0.000000e+00,0.000000e+00,1.629707e-01,1.853777e-02,1.039501e-03,5.775006e-04,5.601756e-03,5.197505e-03,3.060753e-03,9.650035e-02,2.310002e-04,2.373527e-02,1.905752e-03,1.384846e-01,1.443751e-03,7.507508e-04,5.775006e-05,2.887503e-04,1.386001e-03,1.155001e-04,0.000000e+00,2.310002e-04,1.871102e-02,5.775006e-05,8.085008e-04,3.465003e-04,5.775006e-04,0.000000e+00,5.775006e-04,1.501502e-03,5.197505e-04,1.039501e-03,5.775006e-04,1.848002e-03,4.134904e-02,1.212751e-03,0.000000e+00,0.000000e+00,3.522754e-02,0.000000e+00,0.000000e+00,0.000000e+00,4.331254e-03,4.308154e-02,5.313005e-03,0.000000e+00,0.000000e+00,0.000000e+00,1.120351e-02,0.000000e+00,0.000000e+00,4.735505e-03,1.732502e-04,0.000000e+00,2.025872e-01,1.017556e-01,0.000000e+00,1.732502e-04,0.000000e+00,6.017556e-02,0
SRR5224934,0.0000000000,0.0000000000,0.1386144335,0.0124804992,0.0006355810,0.0007511412,0.0077425319,0.0043912868,0.0021956434,0.1379210724,0.0003466805,0.0311434680,0.0015600624,0.0917547813,0.0009822615,0.0001155602,0.0003466805,0.0001733403,0.0021956434,0.0000000000,0.0001155602,0.0000000000,0.0180851679,0.0002889004,0.0010978217,0.0006355810,0.0003466805,0.0000000000,0.0000000000,0.0003466805,0.0002311204,0.0010978217,0.0001733403,0.0005778009,0.0654070607,0.0010978217,0.0000000000,0.0000000000,0.0266366210,0.0000000000,0.0008667013,0.0000000000,0.0067602704,0.0121915988,0.0068758306,0.0000000000,0.0000000000,0.0000000000,0.0043335067,0.0000000000,0.0000000000,0.0013289420,0.0000000000,0.0000000000,0.1855318657,0.1868030277,0.0000000000,0.0000000000,0.0000000000,0.0458196106,1
SRR5224937,0.000000e+00,0.000000e+00,2.321677e-01,1.551644e-02,3.994905e-03,8.105604e-04,1.505327e-03,2.779064e-03,5.210746e-04,2.593793e-02,0.000000e+00,3.126447e-03,2.663270e-03,2.351204e-01,1.505327e-03,6.947661e-04,1.794812e-03,2.026401e-03,1.042149e-03,0.000000e+00,0.000000e+00,2.315887e-04,7.584530e-03,2.894859e-04,2.894859e-04,1.157943e-04,0.000000e+00,9.842520e-04,3.473830e-04,5.963409e-03,2.315887e-04,2.894859e-04,6.368689e-04,8.916165e-03,1.140574e-02,1.910607e-03,0.000000e+00,0.000000e+00,2.385364e-02,0.000000e+00,8.684576e-04,2.894859e-04,1.262158e-02,4.805465e-02,4.573877e-03,5.789717e-05,2.315887e-04,2.663270e-03,3.821214e-03,0.000000e+00,1.157943e-04,2.026401e-03,1.157943e-04,1.736915e-04,2.015980e-01,8.290875e-02,3.126447e-03,0.000000e+00,5.789717e-04,4.191755e-02,0
SRR5224940,0.000000e+00,0.000000e+00,1.459875e-01,9.828862e-03,2.312673e-04,1.098520e-03,5.897317e-03,5.261332e-03,6.938020e-04,1.274283e-01,0.000000e+00,2.515032e-02,4.451896e-03,1.363321e-01,9.250694e-04,4.047179e-04,6.359852e-04,1.734505e-03,1.445421e-03,2.312673e-04,0.000000e+00,0.000000e+00,1.474329e-02,1.734505e-04,0.000000e+00,8.094357e-04,9.828862e-04,0.000000e+00,0.000000e+00,9.077243e-03,1.734505e-04,1.098520e-03,1.156337e-03,2.543941e-03,4.162812e-02,3.064292e-03,0.000000e+00,0.000000e+00,2.439870e-02,0.000000e+00,6.938020e-04,2.890842e-04,6.591119e-03,3.532609e-02,4.394080e-03,5.781684e-05,6.938020e-04,1.156337e-04,6.822387e-03,5.781684e-05,0.000000e+00,1.561055e-03,0.000000e+00,0.000000e+00,1.751850e-01,1.195652e-01,0.000000e+00,0.000000e+00,0.000000e+00,8.105920e-02,1
SRR5224943,5.780681e-05,0.000000e+00,2.066593e-01,1.861379e-02,2.485693e-03,7.514885e-04,2.659113e-03,2.832534e-03,1.734204e-03,4.167871e-02,0.000000e+00,1.901844e-02,3.237181e-03,1.928435e-01,8.092953e-04,1.387363e-03,3.468409e-04,1.387363e-03,4.046477e-04,3.468409e-04,0.000000e+00,4.046477e-04,1.572345e-02,2.312272e-04,4.046477e-04,2.312272e-04,2.312272e-04,4.046477e-04,0.000000e+00,1.445170e-03,1.156136e-04,1.907625e-03,1.502977e-03,8.092953e-04,3.005954e-02,1.445170e-03,0.000000e+00,0.000000e+00,2.537719e-02,0.000000e+00,0.000000e+00,0.000000e+00,3.757443e-03,2.607087e-02,5.665067e-03,1.734204e-04,0.000000e+00,3.468409e-04,1.213943e-02,0.000000e+00,1.156136e-04,4.682352e-03,2.312272e-04,0.000000e+00,1.610498e-01,1.147465e-01,0.000000e+00,1.734204e-04,4.046477e-04,9.289554e-02,0
SRR5224946,0.000000e+00,0.000000e+00,2.148264e-01,1.051598e-02,5.546889e-03,6.933611e-04,3.466805e-03,3.351245e-03,3.640146e-03,1.322008e-01,0.000000e+00,3.709482e-02,3.524585e-03,8.302999e-02,9.244814e-04,1.097822e-03,1.502282e-03,4.044606e-04,6.933611e-04,1.733403e-04,0.000000e+00,1.733403e-04,2.039637e-02,5.200208e-04,3.466805e-04,5.200208e-04,5.778009e-05,4.044606e-04,5.778009e-04,1.791183e-03,2.889004e-04,1.097822e-03,9.244814e-04,1.502282e-03,5.570001e-02,3.293465e-03,0.000000e+00,1.155602e-04,3.357023e-02,0.000000e+00,0.000000e+00,5.778009e-05,4.564627e-03,1.704513e-02,5.893569e-03,0.000000e+00,0.000000e+00,4.044606e-04,6.991391e-03,0.000000e+00,2.311204e-04,2.022303e-03,0.000000e+00,5.778009e-05,1.721847e-01,1.108800e-01,0.000000e+00,5.778009e-05,0.000000e+00,5.564223e-02,1
SRR5224951,4.634189e-04,0.000000e+00,1.949835e-01,4.634189e-03,2.143312e-03,0.000000e+00,8.920813e-03,2.259167e-03,3.243932e-03,1.389098e-01,0.000000e+00,4.477785e-02,1.737821e-03,5.931762e-02,9.847651e-04,4.634189e-04,8.689104e-04,0.000000e+00,8.689104e-04,3.475642e-04,1.737821e-04,0.000000e+00,4.083879e-02,2.317094e-04,2.027458e-03,1.911603e-03,0.000000e+00,1.158547e-04,0.000000e+00,3.649424e-03,0.000000e+00,2.259167e-03,7.530557e-04,1.564039e-03,9.407403e-02,5.966518e-03,5.792736e-05,0.000000e+00,2.763135e-02,0.000000e+00,0.000000e+00,0.000000e+00,7.993976e-03,1.471355e-02,7.820193e-03,0.000000e+00,0.000000e+00,1.737821e-04,1.795748e-03,0.000000e+00,0.000000e+00,2.780513e-03,0.000000e+00,0.000000e+00,1.982274e-01,8.567456e-02,0.000000e+00,0.000000e+00,0.000000e+00,3.464056e-02,1
SRR5224957,0.0000000000,0.0000000000,0.2245074817,0.0073372234,0.0056040210,0.0004044139,0.0157721417,0.0009821480,0.0035819516,0.1028944480,0.0001733202,0.0532670865,0.0011554683,0.0464498238,0.0005777341,0.0007510544,0.0016754290,0.0001155468,0.0008088278,0.0004044139,0.0001733202,0.0002888671,0.0400369750,0.0006932810,0.0030042175,0.0015021087,0.0001733202,0.0000000000,0.0000000000,0.0254780750,0.0002310937,0.0016754290,0.0014443353,0.0010399214,0.1143335837,0.0049685135,0.0000000000,0.0000000000,0.0294644405,0.0000000000,0.0000000000,0.0000000000,0.0050262869,0.0186608123,0.0094748397,0.0000000000,0.0000000000,0.0000000000,0.0002310937,0.0000000000,0.0000000000,0.0015021087,0.0001155468,0.0000000000,0.1673695765,0.0621641920,0.0000000000,0.0000000000,0.0000000000,0.0444855278,1
SRR5224958,0.000000e+00,0.000000e+00,2.198176e-01,6.290397e-03,4.097415e-03,1.211911e-03,2.596953e-03,3.866574e-03,3.058633e-03,1.909049e-01,0.000000e+00,3.093259e-02,2.770083e-03,8.304478e-02,3.462604e-04,6.348107e-04,5.193906e-04,6.925208e-04,1.154201e-03,5.771006e-05,5.771006e-05,1.211911e-03,4.536011e-02,1.154201e-04,1.731302e-03,7.502308e-04,0.000000e+00,1.731302e-04,1.154201e-04,6.348107e-04,1.731302e-04,9.810711e-04,6.348107e-04,9.810711e-04,3.312558e-02,3.462604e-03,0.000000e+00,0.000000e+00,2.389197e-02,0.000000e+00,0.000000e+00,6.925208e-04,3.000923e-03,1.656279e-02,7.444598e-03,0.000000e+00,0.000000e+00,4.039705e-04,5.424746e-03,0.000000e+00,1.154201e-04,3.404894e-03,0.000000e+00,0.000000e+00,1.413897e-01,9.083564e-02,0.000000e+00,0.000000e+00,1.154201e-04,6.521237e-02,1
SRR5224961,0.000000e+00,0.000000e+00,3.465518e-01,5.491647e-03,5.202613e-03,0.000000e+00,2.890340e-04,2.196659e-03,2.601306e-03,4.456905e-02,0.000000e+00,1.248627e-02,2.312272e-04,1.112781e-01,1.040523e-03,1.156136e-03,1.792011e-03,5.780681e-04,5.202613e-04,1.156136e-04,5.780681e-05,2.890340e-04,2.520377e-02,0.000000e+00,9.249090e-04,1.156136e-04,0.000000e+00,0.000000e+00,2.890340e-04,0.000000e+00,0.000000e+00,1.387363e-03,1.271750e-03,7.514885e-04,3.005954e-02,1.792011e-03,0.000000e+00,0.000000e+00,3.104226e-02,0.000000e+00,0.000000e+00,5.202613e-04,1.849818e-03,1.838257e-02,5.318226e-03,0.000000e+00,0.000000e+00,6.705590e-03,1.335337e-02,0.000000e+00,2.890340e-04,7.803919e-03,1.213943e-03,0.000000e+00,1.593734e-01,1.054396e-01,9.827158e-04,0.000000e+00,1.156136e-04,4.936702e-02,0
SRR5224968,0.000000e+00,0.000000e+00,4.920313e-02,2.492031e-03,1.217039e-03,5.795422e-05,1.390901e-03,0.000000e+00,1.159084e-04,5.673718e-02,0.000000e+00,6.954506e-04,1.332947e-03,3.687047e-01,2.897711e-04,2.897711e-04,2.376123e-03,9.852217e-04,4.056795e-04,0.000000e+00,0.000000e+00,0.000000e+00,1.008403e-02,0.000000e+00,0.000000e+00,0.000000e+00,0.000000e+00,0.000000e+00,2.897711e-04,0.000000e+00,0.000000e+00,1.159084e-04,0.000000e+00,5.447696e-03,1.732831e-02,0.000000e+00,0.000000e+00,0.000000e+00,1.217039e-03,0.000000e+00,0.000000e+00,3.477253e-04,1.274993e-03,5.076789e-02,0.000000e+00,0.000000e+00,2.318169e-04,2.318169e-04,8.113590e-04,0.000000e+00,0.000000e+00,1.159084e-04,0.000000e+00,0.000000e+00,9.521878e-02,2.999710e-01,0.000000e+00,0.000000e+00,0.000000e+00,3.025210e-02,0
SRR5224969,0.0006931608,0.0000000000,0.1515134011,0.0071626617,0.0009242144,0.0005198706,0.0135166359,0.0040434381,0.0030614603,0.1305452865,0.0004621072,0.0475392791,0.0017906654,0.0436691312,0.0005198706,0.0000000000,0.0008086876,0.0007509242,0.0032925139,0.0003465804,0.0001155268,0.0000000000,0.0300947320,0.0002888170,0.0032347505,0.0007509242,0.0001732902,0.0000000000,0.0000577634,0.0009819778,0.0001155268,0.0003465804,0.0006353974,0.0009242144,0.1725392791,0.0033502773,0.0002888170,0.0000000000,0.0411275416,0.0002888170,0.0005198706,0.0000000000,0.0142675601,0.0187731054,0.0083756932,0.0000000000,0.0005776340,0.0004621072,0.0051987061,0.0000000000,0.0000000000,0.0030036969,0.0000000000,0.0000000000,0.1706908503,0.0776340111,0.0000000000,0.0003465804,0.0001155268,0.0335605360,1
SRR5224971,0.000000e+00,0.000000e+00,1.989222e-01,1.570286e-02,9.850504e-04,6.373856e-04,5.562638e-03,6.431800e-03,9.271063e-04,5.678526e-02,5.794414e-05,1.095144e-02,1.912157e-03,1.392398e-01,1.158883e-03,3.592537e-03,3.244872e-03,4.867308e-03,2.201877e-03,5.794414e-04,1.738324e-04,4.635531e-04,1.848418e-02,2.897207e-04,8.691621e-04,8.691621e-04,1.738324e-04,4.056090e-04,5.794414e-05,2.085989e-03,2.897207e-04,6.373856e-04,2.028045e-03,3.534593e-03,4.873102e-02,3.013095e-03,0.000000e+00,0.000000e+00,3.963379e-02,8.691621e-04,9.850504e-04,0.000000e+00,1.465987e-02,4.693475e-02,4.983196e-03,5.214973e-04,1.158883e-04,7.185074e-03,7.996292e-03,8.112180e-04,0.000000e+00,3.418704e-03,0.000000e+00,0.000000e+00,1.445127e-01,1.104415e-01,0.000000e+00,0.000000e+00,0.000000e+00,8.106385e-02,0
SRR5224977,0.000000e+00,0.000000e+00,7.604233e-02,6.129648e-03,3.238305e-03,2.313075e-04,2.370902e-03,1.908287e-03,1.098710e-03,1.585613e-01,0.000000e+00,9.483606e-03,3.816573e-03,1.586769e-01,1.734806e-04,8.095761e-04,2.255248e-03,1.445672e-03,1.966113e-03,0.000000e+00,0.000000e+00,5.782687e-05,1.277974e-02,0.000000e+00,0.000000e+00,6.881397e-03,1.214364e-03,1.734806e-04,0.000000e+00,8.674030e-04,0.000000e+00,1.156537e-04,3.469612e-04,3.122651e-03,3.301914e-02,2.949170e-03,0.000000e+00,0.000000e+00,1.798416e-02,0.000000e+00,3.469612e-04,0.000000e+00,5.667033e-03,3.348176e-02,1.676979e-03,0.000000e+00,9.252299e-04,1.156537e-03,5.840514e-03,0.000000e+00,0.000000e+00,2.139594e-03,0.000000e+00,0.000000e+00,1.469959e-01,2.394611e-01,0.000000e+00,0.000000e+00,0.000000e+00,5.458856e-02,0
SRR5224979,0.0000000000,0.0000000000,0.2130379454,0.0130726516,0.0041647385,0.0005205923,0.0127255900,0.0015039334,0.0009833410,0.1159185562,0.0000000000,0.0323924109,0.0031813975,0.0620661731,0.0006941231,0.0008676539,0.0020823693,0.0001735308,0.0022559000,0.0002313744,0.0004627487,0.0000000000,0.0633387321,0.0007519667,0.0005205923,0.0015039334,0.0000000000,0.0000000000,0.0000000000,0.0000000000,0.0000000000,0.0019088385,0.0010411846,0.0013304026,0.1012841277,0.0039912078,0.0000000000,0.0000000000,0.0320453494,0.0000000000,0.0001156872,0.0000000000,0.0043382693,0.0248727441,0.0138246182,0.0000000000,0.0000000000,0.0000000000,0.0006941231,0.0000000000,0.0000000000,0.0077510412,0.0000000000,0.0000000000,0.1418903286,0.0775682554,0.0000000000,0.0005205923,0.0000000000,0.0543729755,1
SRR5224983,0.000000e+00,0.000000e+00,2.022063e-01,1.114705e-02,6.468754e-03,5.775673e-04,6.179970e-03,2.483539e-03,9.818644e-04,5.377151e-02,1.732702e-04,9.472104e-03,2.599053e-03,1.244658e-01,1.501675e-03,4.620538e-03,1.680721e-02,1.790459e-03,9.818644e-04,3.465404e-04,0.000000e+00,0.000000e+00,2.448885e-02,1.155135e-04,9.818644e-04,3.465404e-04,0.000000e+00,0.000000e+00,2.310269e-04,2.887836e-04,0.000000e+00,9.818644e-04,1.790459e-03,3.985214e-03,5.348273e-02,1.386161e-03,0.000000e+00,5.775673e-05,3.061107e-02,4.620538e-04,5.775673e-05,2.310269e-04,8.201455e-03,4.857341e-02,8.259212e-03,0.000000e+00,1.732702e-04,3.523160e-03,7.161834e-03,0.000000e+00,5.775673e-05,2.483539e-03,2.310269e-04,1.155135e-04,1.520157e-01,1.290863e-01,0.000000e+00,1.155135e-04,2.887836e-04,7.363983e-02,0
SRR5224989,5.789382e-05,0.000000e+00,1.433451e-01,1.615238e-02,1.042089e-03,5.789382e-04,6.310427e-03,4.573612e-03,1.852602e-03,9.726162e-02,4.052568e-04,2.234702e-02,9.263012e-04,1.236033e-01,1.157876e-03,8.684073e-04,2.431541e-03,4.399931e-03,4.342037e-03,5.789382e-04,5.789382e-05,0.000000e+00,2.124703e-02,4.052568e-04,1.794709e-03,6.947259e-04,2.894691e-04,0.000000e+00,5.789382e-05,2.605222e-03,1.157876e-04,6.368321e-04,1.157876e-03,1.794709e-03,8.938806e-02,4.457824e-03,0.000000e+00,0.000000e+00,2.668905e-02,0.000000e+00,4.052568e-04,0.000000e+00,6.542002e-03,3.022058e-02,5.094656e-03,2.894691e-04,3.473629e-04,1.447346e-03,1.105772e-02,1.042089e-03,0.000000e+00,2.142071e-03,5.789382e-04,0.000000e+00,1.758235e-01,1.313611e-01,0.000000e+00,1.157876e-04,0.000000e+00,4.990448e-02,0
SRR5224990,0.000000e+00,0.000000e+00,1.840065e-02,2.256683e-03,1.157273e-04,0.000000e+00,6.943641e-04,2.893184e-04,0.000000e+00,5.525981e-02,0.000000e+00,6.365004e-04,1.388728e-03,2.338850e-01,0.000000e+00,8.679551e-04,1.330864e-03,1.330864e-03,7.522278e-04,0.000000e+00,0.000000e+00,0.000000e+00,1.134128e-02,0.000000e+00,0.000000e+00,0.000000e+00,1.735910e-04,0.000000e+00,0.000000e+00,0.000000e+00,0.000000e+00,0.000000e+00,5.786367e-05,1.562319e-03,1.562319e-03,0.000000e+00,0.000000e+00,0.000000e+00,1.562319e-03,0.000000e+00,0.000000e+00,0.000000e+00,9.258188e-04,5.491263e-02,2.893184e-04,0.000000e+00,0.000000e+00,0.000000e+00,4.629094e-04,0.000000e+00,0.000000e+00,0.000000e+00,5.786367e-05,0.000000e+00,1.132971e-01,4.835089e-01,0.000000e+00,0.000000e+00,0.000000e+00,1.307719e-02,0
SRR5224993,0.000000e+00,0.000000e+00,1.230005e-02,2.598603e-03,1.154934e-04,0.000000e+00,4.042271e-04,0.000000e+00,0.000000e+00,4.698851e-01,0.000000e+00,1.270428e-03,1.154934e-04,1.652134e-01,0.000000e+00,0.000000e+00,1.732402e-04,4.619738e-04,4.619738e-04,0.000000e+00,0.000000e+00,0.000000e+00,2.419588e-02,0.000000e+00,0.000000e+00,0.000000e+00,0.000000e+00,0.000000e+00,0.000000e+00,5.774672e-05,0.000000e+00,1.154934e-04,0.000000e+00,1.039441e-03,5.254952e-03,0.000000e+00,0.000000e+00,0.000000e+00,2.887336e-04,0.000000e+00,0.000000e+00,0.000000e+00,0.000000e+00,2.009586e-02,0.000000e+00,0.000000e+00,0.000000e+00,0.000000e+00,3.464803e-04,0.000000e+00,0.000000e+00,0.000000e+00,0.000000e+00,0.000000e+00,1.232315e-01,1.596119e-01,0.000000e+00,0.000000e+00,0.000000e+00,1.276203e-02,1
SRR5224995,0.000000e+00,0.000000e+00,1.410020e-01,6.002540e-03,1.846935e-03,5.771673e-04,2.366386e-03,1.154335e-03,2.020085e-03,4.761630e-02,0.000000e+00,1.425603e-02,1.904652e-03,1.911578e-01,6.348840e-04,8.080342e-04,1.154335e-03,1.962369e-03,1.327485e-03,1.154335e-04,0.000000e+00,0.000000e+00,2.158606e-02,2.885836e-04,1.096618e-03,6.348840e-04,2.885836e-04,5.771673e-05,5.771673e-05,1.252453e-02,6.926007e-04,2.885836e-04,6.926007e-04,3.001270e-03,4.767402e-02,6.291123e-03,0.000000e+00,0.000000e+00,1.558352e-02,0.000000e+00,3.463004e-04,1.154335e-04,5.021355e-03,3.457232e-02,1.616068e-03,2.308669e-04,6.926007e-04,8.080342e-04,1.558352e-02,1.731502e-04,0.000000e+00,1.442918e-03,1.731502e-04,0.000000e+00,1.795567e-01,1.703221e-01,0.000000e+00,0.000000e+00,0.000000e+00,6.268036e-02,0
SRR5225001,1.735509e-04,0.000000e+00,1.673030e-01,7.867639e-03,2.024760e-03,0.000000e+00,4.685873e-03,5.090825e-03,1.735509e-03,1.019322e-01,2.314011e-04,1.666088e-02,1.735509e-03,1.241467e-01,7.520537e-04,2.487562e-03,4.280921e-03,4.454472e-03,5.958579e-03,2.892514e-04,4.049520e-04,1.157006e-04,2.018975e-02,3.471017e-04,1.561958e-03,6.363531e-04,3.471017e-04,4.628023e-04,5.785028e-05,3.471017e-04,5.206526e-04,6.942034e-04,1.041305e-03,1.006595e-02,5.802383e-02,3.239616e-03,0.000000e+00,0.000000e+00,3.557792e-02,0.000000e+00,1.099155e-03,5.206526e-04,1.029735e-02,6.513942e-02,4.454472e-03,5.785028e-05,4.628023e-04,1.619808e-03,7.867639e-03,2.314011e-04,1.157006e-04,2.487562e-03,4.628023e-04,0.000000e+00,1.631378e-01,8.515562e-02,0.000000e+00,0.000000e+00,1.157006e-04,7.132940e-02,0
SRR5225002,0.000000e+00,0.000000e+00,4.571595e-02,5.053732e-03,2.730177e-03,0.000000e+00,2.904444e-03,5.808888e-04,1.219866e-03,1.443509e-01,0.000000e+00,6.215510e-03,1.219866e-03,2.404879e-01,5.808888e-05,5.576532e-03,6.970665e-04,3.601510e-03,5.576532e-03,0.000000e+00,0.000000e+00,0.000000e+00,1.219866e-02,0.000000e+00,0.000000e+00,0.000000e+00,0.000000e+00,0.000000e+00,0.000000e+00,0.000000e+00,0.000000e+00,0.000000e+00,5.808888e-05,1.074644e-02,2.149288e-03,0.000000e+00,0.000000e+00,0.000000e+00,6.041243e-03,0.000000e+00,0.000000e+00,5.808888e-04,2.962533e-03,1.260529e-01,0.000000e+00,1.161778e-04,9.875109e-04,2.904444e-04,2.613999e-03,0.000000e+00,0.000000e+00,2.904444e-04,0.000000e+00,0.000000e+00,1.756027e-01,1.203602e-01,0.000000e+00,0.000000e+00,0.000000e+00,7.295963e-02,0
SRR5225010,0.000000e+00,0.000000e+00,1.171717e-01,4.848485e-03,3.232323e-03,0.000000e+00,4.155844e-03,2.886003e-03,2.539683e-03,1.264069e-01,1.731602e-04,2.147186e-02,1.269841e-03,1.124387e-01,4.040404e-04,2.424242e-03,1.385281e-03,8.658009e-04,2.193362e-03,4.040404e-04,2.308802e-04,0.000000e+00,2.545455e-02,4.040404e-04,1.904762e-03,4.617605e-04,1.154401e-04,5.772006e-05,5.194805e-04,0.000000e+00,5.772006e-05,4.617605e-04,6.926407e-04,2.886003e-03,9.356421e-02,1.962482e-03,0.000000e+00,0.000000e+00,3.797980e-02,2.308802e-04,3.463203e-04,0.000000e+00,9.870130e-03,4.738817e-02,5.541126e-03,4.040404e-04,0.000000e+00,1.038961e-03,9.004329e-03,0.000000e+00,5.772006e-05,1.731602e-03,0.000000e+00,0.000000e+00,1.882251e-01,1.071284e-01,0.000000e+00,2.886003e-04,1.154401e-04,5.760462e-02,0
SRR5225020,0.000000e+00,0.000000e+00,1.462226e-02,1.914820e-03,1.276546e-03,0.000000e+00,5.802483e-04,1.160497e-04,1.740745e-04,5.970755e-02,0.000000e+00,1.740745e-04,1.856795e-03,3.981664e-01,0.000000e+00,2.030869e-03,0.000000e+00,2.088894e-03,3.481490e-04,0.000000e+00,0.000000e+00,0.000000e+00,1.914820e-03,0.000000e+00,0.000000e+00,0.000000e+00,0.000000e+00,0.000000e+00,0.000000e+00,0.000000e+00,0.000000e+00,0.000000e+00,5.802483e-05,1.038645e-02,4.061738e-04,0.000000e+00,0.000000e+00,0.000000e+00,1.392596e-03,0.000000e+00,0.000000e+00,0.000000e+00,1.740745e-03,9.545085e-02,0.000000e+00,0.000000e+00,9.864222e-04,0.000000e+00,9.864222e-04,0.000000e+00,0.000000e+00,0.000000e+00,0.000000e+00,0.000000e+00,1.292213e-01,2.532784e-01,0.000000e+00,0.000000e+00,0.000000e+00,2.112104e-02,0
SRR5225024,0.0000000000,0.0000000000,0.2801756515,0.0270988617,0.0119604784,0.0000000000,0.0026001040,0.0032356850,0.0026578841,0.0361125556,0.0000000000,0.0087825735,0.0072802912,0.1043508407,0.0011556018,0.0036979257,0.0075691917,0.0009822615,0.0011556018,0.0000000000,0.0004044606,0.0000000000,0.0286589241,0.0000000000,0.0015600624,0.0012711620,0.0002311204,0.0000000000,0.0001733403,0.0000000000,0.0000000000,0.0019645230,0.0010400416,0.0032934651,0.0476685734,0.0034668053,0.0000000000,0.0000000000,0.0587623505,0.0000000000,0.0004044606,0.0000000000,0.0100537355,0.0228231351,0.0078003120,0.0020223031,0.0000000000,0.0067602704,0.0139250014,0.0000000000,0.0000000000,0.0050268677,0.0001155602,0.0004622407,0.1082798868,0.0659848616,0.0000000000,0.0000000000,0.0000000000,0.1090310279,0
SRR5225029,0.000000e+00,0.000000e+00,4.052098e-02,8.104197e-04,2.141823e-03,0.000000e+00,8.683068e-04,4.630970e-04,0.000000e+00,4.081042e-02,0.000000e+00,1.215630e-03,1.041968e-03,3.079016e-01,0.000000e+00,2.952243e-03,2.373372e-03,1.041968e-03,6.367583e-04,0.000000e+00,0.000000e+00,0.000000e+00,2.234443e-02,0.000000e+00,0.000000e+00,4.630970e-04,0.000000e+00,0.000000e+00,1.157742e-04,0.000000e+00,0.000000e+00,1.157742e-04,4.052098e-04,6.078148e-03,2.836469e-03,5.788712e-05,0.000000e+00,0.000000e+00,1.678726e-03,0.000000e+00,0.000000e+00,5.209841e-04,2.373372e-03,7.536903e-02,2.894356e-04,0.000000e+00,2.315485e-04,0.000000e+00,4.630970e-04,0.000000e+00,0.000000e+00,5.788712e-05,0.000000e+00,0.000000e+00,1.289146e-01,3.257308e-01,0.000000e+00,0.000000e+00,0.000000e+00,2.917511e-02,0
SRR5225035,2.890006e-04,0.000000e+00,2.116063e-01,1.878504e-02,1.260043e-02,4.046009e-04,2.312005e-03,2.312005e-03,6.936015e-04,4.577770e-02,0.000000e+00,8.092018e-03,6.762615e-03,1.213803e-01,1.907404e-03,2.658806e-03,8.785619e-03,2.023004e-03,8.670019e-04,0.000000e+00,0.000000e+00,0.000000e+00,3.196347e-02,1.156003e-04,6.936015e-04,1.156003e-03,1.156003e-04,6.936015e-04,2.485405e-03,2.023004e-03,3.468008e-04,1.387203e-03,1.329403e-03,2.890006e-03,3.999769e-02,1.791804e-03,0.000000e+00,1.156003e-04,4.733830e-02,0.000000e+00,4.624010e-04,1.734004e-04,1.092422e-02,3.479568e-02,1.462343e-02,6.936015e-04,2.080805e-03,4.392810e-03,2.063465e-02,0.000000e+00,2.312005e-04,6.473614e-03,0.000000e+00,5.780013e-05,1.483729e-01,9.115080e-02,0.000000e+00,2.312005e-04,0.000000e+00,8.300098e-02,0
SRR5225036,0.000000e+00,0.000000e+00,2.789379e-01,1.683346e-02,3.008041e-03,2.313877e-04,3.933592e-03,3.528663e-03,6.941632e-04,3.106381e-02,0.000000e+00,1.521374e-02,5.611153e-03,1.292301e-01,2.603112e-03,1.966796e-03,3.528663e-03,1.041245e-03,9.833979e-04,2.892347e-04,0.000000e+00,4.049286e-04,2.562619e-02,1.156939e-04,4.627755e-04,5.206224e-04,9.255510e-04,0.000000e+00,5.784694e-05,9.139816e-03,4.627755e-04,1.156939e-03,1.156939e-03,3.297275e-03,3.175797e-02,2.603112e-03,0.000000e+00,5.784694e-05,4.274889e-02,2.892347e-04,9.833979e-04,5.206224e-04,1.087522e-02,2.822931e-02,5.726847e-03,2.313877e-04,1.735408e-04,3.586510e-03,5.206224e-03,2.892347e-04,1.735408e-04,2.545265e-03,0.000000e+00,0.000000e+00,1.514433e-01,1.053971e-01,0.000000e+00,0.000000e+00,0.000000e+00,6.513565e-02,0
SRR5225042,9.250694e-04,1.156337e-04,1.372572e-01,5.434783e-03,2.312673e-04,0.000000e+00,5.261332e-03,6.359852e-04,2.139223e-03,1.333256e-01,0.000000e+00,3.706059e-02,1.561055e-03,1.094473e-01,6.359852e-04,2.601758e-03,9.828862e-04,7.516189e-04,6.938020e-04,2.890842e-04,0.000000e+00,0.000000e+00,4.278446e-02,2.890842e-04,1.214154e-03,4.625347e-04,0.000000e+00,0.000000e+00,0.000000e+00,8.094357e-04,2.890842e-04,1.561055e-03,8.094357e-04,4.104995e-03,1.036078e-01,6.359852e-03,0.000000e+00,0.000000e+00,3.746531e-02,0.000000e+00,0.000000e+00,0.000000e+00,7.227105e-03,3.260870e-02,4.914431e-03,5.781684e-05,0.000000e+00,6.359852e-04,1.364477e-02,0.000000e+00,3.469010e-04,1.757632e-02,1.734505e-03,0.000000e+00,1.596901e-01,8.851758e-02,0.000000e+00,1.156337e-04,0.000000e+00,3.382285e-02,1
SRR5225053,0.000000e+00,0.000000e+00,4.173943e-02,1.397136e-03,5.239260e-04,0.000000e+00,1.804634e-03,1.164280e-04,5.821399e-04,7.451391e-02,0.000000e+00,1.164280e-03,7.567819e-04,3.194784e-01,0.000000e+00,6.403539e-04,1.106066e-03,2.037490e-03,0.000000e+00,0.000000e+00,0.000000e+00,0.000000e+00,1.076959e-02,0.000000e+00,0.000000e+00,2.794272e-03,5.821399e-05,0.000000e+00,0.000000e+00,1.280708e-03,2.328560e-04,1.746420e-04,0.000000e+00,1.228315e-02,1.280708e-03,0.000000e+00,0.000000e+00,0.000000e+00,3.259984e-03,0.000000e+00,0.000000e+00,0.000000e+00,3.609268e-03,1.421586e-01,0.000000e+00,0.000000e+00,5.821399e-04,0.000000e+00,2.153918e-03,0.000000e+00,0.000000e+00,4.074980e-04,0.000000e+00,0.000000e+00,1.215508e-01,2.199325e-01,0.000000e+00,0.000000e+00,0.000000e+00,3.161020e-02,0
SRR5225125,0.000000e+00,0.000000e+00,2.396627e-01,9.990760e-03,1.605452e-02,1.732502e-04,1.501502e-03,2.541003e-03,1.155001e-03,5.347655e-02,5.775006e-05,1.137676e-02,4.851005e-03,9.580735e-02,1.155001e-03,3.234003e-03,5.255255e-03,1.559252e-03,4.620005e-04,0.000000e+00,0.000000e+00,0.000000e+00,3.684454e-02,0.000000e+00,7.507508e-04,2.310002e-03,1.732502e-04,1.039501e-03,2.310002e-04,9.240009e-04,4.042504e-04,9.817510e-04,1.270501e-03,7.507508e-04,3.903904e-02,2.367752e-03,0.000000e+00,0.000000e+00,4.007854e-02,1.155001e-04,1.155001e-04,0.000000e+00,1.282051e-02,5.769231e-02,8.720259e-03,2.194502e-03,0.000000e+00,5.313005e-03,1.137676e-02,0.000000e+00,1.155001e-04,2.310002e-03,2.310002e-04,2.887503e-04,1.521714e-01,1.023331e-01,0.000000e+00,0.000000e+00,5.775006e-05,6.866482e-02,0
SRR5225127,0.0000000000,0.0000000000,0.0584434484,0.0090226439,0.0011060015,0.0000000000,0.0004074742,0.0006985273,0.0003492636,0.0618778741,0.0000000000,0.0009895803,0.0014552651,0.3330228768,0.0003492636,0.0023866348,0.0020955818,0.0103032773,0.0022702136,0.0000000000,0.0000000000,0.0000000000,0.0344024681,0.0000000000,0.0000000000,0.0005821061,0.0000000000,0.0000000000,0.0000000000,0.0001164212,0.0000000000,0.0001164212,0.0001746318,0.0062867454,0.0055300076,0.0000000000,0.0000000000,0.0000000000,0.0065777985,0.0000000000,0.0001164212,0.0000000000,0.0030851621,0.0834157984,0.0011642121,0.0000000000,0.0002910530,0.0004656848,0.0034344258,0.0000000000,0.0000000000,0.0000000000,0.0000000000,0.0000000000,0.0936608650,0.2208510391,0.0000000000,0.0000000000,0.0000000000,0.0549508120,0
SRR5225155,5.780013e-05,1.734004e-04,1.601064e-01,4.624010e-03,2.023004e-03,7.514017e-04,5.144211e-03,3.988209e-03,1.560603e-03,6.843535e-02,1.734004e-04,2.051905e-02,1.676204e-03,1.394139e-01,1.329403e-03,3.294607e-03,7.687417e-03,3.236807e-03,1.965204e-03,0.000000e+00,2.890006e-04,0.000000e+00,1.774464e-02,1.734004e-04,1.387203e-03,2.601006e-03,0.000000e+00,4.046009e-04,1.734004e-04,4.219409e-03,7.514017e-04,9.826022e-04,3.236807e-03,5.144211e-03,1.826484e-02,2.601006e-03,0.000000e+00,0.000000e+00,2.947806e-02,1.156003e-03,5.780013e-04,0.000000e+00,9.248020e-03,3.716548e-02,2.716606e-03,5.780013e-04,6.358014e-04,7.571817e-03,1.699324e-02,9.248020e-04,0.000000e+00,4.624010e-03,5.780013e-04,1.156003e-04,1.407433e-01,1.236923e-01,0.000000e+00,0.000000e+00,6.358014e-04,1.384313e-01,0
SRR5225172,0.0000000000,0.0000000000,0.0189825800,0.0024306962,0.0000000000,0.0000000000,0.0016204641,0.0002893686,0.0000000000,0.1760518549,0.0000000000,0.0021413276,0.0004629898,0.3263499045,0.0000000000,0.0005787372,0.0000000000,0.0017940853,0.0000000000,0.0000000000,0.0000000000,0.0000000000,0.0065976040,0.0000000000,0.0000000000,0.0039932866,0.0000000000,0.0000000000,0.0000000000,0.0000000000,0.0000000000,0.0000000000,0.0000000000,0.0100700272,0.0048035187,0.0007523584,0.0000000000,0.0000000000,0.0007523584,0.0000000000,0.0000000000,0.0004051160,0.0000000000,0.0720527808,0.0000000000,0.0000000000,0.0009259795,0.0000000000,0.0002314949,0.0000000000,0.0000000000,0.0007523584,0.0001157474,0.0000000000,0.1402280225,0.2033682505,0.0000000000,0.0000000000,0.0000000000,0.0242490885,1
SRR5225183,0.0001733002,0.0000000000,0.1150713419,0.0141528508,0.0010975680,0.0008087343,0.0034660043,0.0021951360,0.0019640691,0.1629599677,0.0001155335,0.0266882329,0.0034660043,0.1426838426,0.0005776674,0.0012131015,0.0002310670,0.0008087343,0.0024839697,0.0002888337,0.0001155335,0.0000000000,0.0279591011,0.0003466004,0.0013286350,0.0015019352,0.0005199006,0.0000000000,0.0000000000,0.0032927041,0.0001155335,0.0010975680,0.0006932009,0.0021951360,0.0551672347,0.0022529028,0.0000000000,0.0000000000,0.0289411357,0.0000000000,0.0001155335,0.0001733002,0.0170989544,0.0271503668,0.0052567732,0.0001155335,0.0010975680,0.0002310670,0.0081451100,0.0000000000,0.0000000000,0.0019063024,0.0002888337,0.0000000000,0.1704696436,0.1167465773,0.0000000000,0.0000000000,0.0000000000,0.0452313558,1
SRR5225188,0.000000e+00,0.000000e+00,1.676671e-01,1.333256e-02,4.271038e-03,4.617338e-04,4.617338e-03,2.135519e-03,2.020085e-03,9.090384e-02,0.000000e+00,2.314441e-02,5.079072e-03,1.207434e-01,6.348840e-04,2.481819e-03,2.828120e-03,2.308669e-04,8.657509e-04,0.000000e+00,0.000000e+00,0.000000e+00,4.045943e-02,2.308669e-04,4.040171e-04,9.811843e-04,1.731502e-04,0.000000e+00,5.771673e-05,0.000000e+00,1.154335e-04,1.616068e-03,1.212051e-03,1.846935e-03,6.562392e-02,2.135519e-03,2.885836e-04,0.000000e+00,2.955096e-02,0.000000e+00,0.000000e+00,1.154335e-04,5.887106e-03,4.426873e-02,1.050444e-02,5.771673e-05,0.000000e+00,1.154335e-03,8.368925e-03,0.000000e+00,0.000000e+00,4.790488e-03,0.000000e+00,0.000000e+00,1.540459e-01,1.054485e-01,0.000000e+00,5.771673e-05,0.000000e+00,7.918735e-02,1
SRR5225197,0.0000000000,0.0000000000,0.2244026319,0.0128131132,0.0059448228,0.0002308669,0.0032321367,0.0030012698,0.0010389011,0.0641809997,0.0000000000,0.0129862634,0.0036938705,0.0937319635,0.0013274847,0.0043287545,0.0053676555,0.0008080342,0.0005771673,0.0000000000,0.0000000000,0.0000000000,0.0318596329,0.0003463004,0.0020200854,0.0008080342,0.0001154335,0.0001731502,0.0017315018,0.0010389011,0.0002308669,0.0005771673,0.0004617338,0.0028858363,0.0456539305,0.0019623687,0.0000000000,0.0000000000,0.0567355420,0.0005194505,0.0005771673,0.0000000000,0.0169110008,0.0413828928,0.0062334064,0.0001154335,0.0005771673,0.0032321367,0.0057139559,0.0000000000,0.0001154335,0.0044441879,0.0000000000,0.0001154335,0.1615491169,0.1034860903,0.0000000000,0.0000000000,0.0000000000,0.0707607065,0
SRR5225202,0.0000000000,0.0000000000,0.0507037379,0.0016728196,0.0000000000,0.0000000000,0.0013844024,0.0000000000,0.0009806184,0.3011075219,0.0000000000,0.0040955238,0.0008075681,0.2213890171,0.0000000000,0.0008652515,0.0000000000,0.0000000000,0.0000000000,0.0000000000,0.0000000000,0.0000000000,0.0639709275,0.0000000000,0.0000000000,0.0000000000,0.0000000000,0.0000000000,0.0000000000,0.0000000000,0.0000000000,0.0002884172,0.0002884172,0.0024227042,0.0136709737,0.0000000000,0.0000000000,0.0000000000,0.0007498846,0.0000000000,0.0000000000,0.0000000000,0.0035763729,0.0415897554,0.0009229349,0.0000000000,0.0000000000,0.0000000000,0.0010959852,0.0000000000,0.0000000000,0.0000000000,0.0000000000,0.0000000000,0.1117328103,0.1477272727,0.0000000000,0.0000000000,0.0000000000,0.0289570835,1
SRR5225208,0.000000e+00,0.000000e+00,1.355404e-02,2.076364e-03,8.074749e-04,0.000000e+00,3.806667e-03,0.000000e+00,5.190910e-04,4.191948e-01,0.000000e+00,3.806667e-03,4.037375e-04,2.234975e-01,0.000000e+00,1.787980e-03,4.614142e-04,0.000000e+00,0.000000e+00,0.000000e+00,0.000000e+00,0.000000e+00,1.291960e-02,0.000000e+00,0.000000e+00,0.000000e+00,0.000000e+00,0.000000e+00,1.153536e-04,0.000000e+00,0.000000e+00,0.000000e+00,0.000000e+00,1.153536e-04,5.479294e-03,0.000000e+00,0.000000e+00,0.000000e+00,1.845657e-03,0.000000e+00,0.000000e+00,0.000000e+00,0.000000e+00,7.094244e-03,5.767678e-05,0.000000e+00,1.730303e-04,0.000000e+00,2.191718e-03,0.000000e+00,0.000000e+00,1.095859e-03,0.000000e+00,0.000000e+00,1.411928e-01,1.375591e-01,0.000000e+00,0.000000e+00,0.000000e+00,2.024455e-02,1
SRR5225211,0.0000000000,0.0000000000,0.0632200544,0.0013894517,0.0029525850,0.0000000000,0.0015631332,0.0005210444,0.0000000000,0.0587043362,0.0000000000,0.0012736641,0.0008105135,0.2795692700,0.0001736815,0.0008684073,0.0041104614,0.0004052568,0.0009841950,0.0000000000,0.0000000000,0.0000000000,0.0300468940,0.0000000000,0.0000000000,0.0000000000,0.0000000000,0.0000000000,0.0000000000,0.0000000000,0.0000000000,0.0000000000,0.0000000000,0.0052104440,0.0024894344,0.0001157876,0.0000000000,0.0000000000,0.0023157529,0.0000000000,0.0000000000,0.0000000000,0.0027210097,0.0953511260,0.0003473629,0.0000000000,0.0002894691,0.0002315753,0.0010999826,0.0000000000,0.0000000000,0.0008105135,0.0000000000,0.0000000000,0.1111561396,0.3011057720,0.0000000000,0.0000000000,0.0000000000,0.0301626816,0
SRR5225212,5.781349e-05,0.000000e+00,1.781234e-01,1.202521e-02,1.676591e-03,3.468810e-04,1.422212e-02,9.828294e-04,9.828294e-04,1.251084e-01,0.000000e+00,3.341620e-02,3.700064e-03,7.290282e-02,1.618778e-03,2.023472e-03,3.295369e-03,5.781349e-05,1.271897e-03,0.000000e+00,2.312540e-04,0.000000e+00,6.434642e-02,3.468810e-04,4.046945e-04,1.040643e-03,2.312540e-04,0.000000e+00,0.000000e+00,6.359484e-04,0.000000e+00,1.850032e-03,7.515754e-04,7.515754e-04,9.157657e-02,2.717234e-03,0.000000e+00,0.000000e+00,2.925363e-02,0.000000e+00,0.000000e+00,0.000000e+00,4.162572e-03,1.659247e-02,1.266116e-02,0.000000e+00,0.000000e+00,2.312540e-04,1.040643e-03,0.000000e+00,0.000000e+00,5.203214e-03,0.000000e+00,0.000000e+00,1.724577e-01,8.377175e-02,0.000000e+00,1.734405e-04,0.000000e+00,5.775568e-02,1
SRR5225219,0.000000e+00,0.000000e+00,1.560476e-01,1.595745e-02,1.792322e-03,0.000000e+00,1.907956e-03,2.428307e-03,8.094357e-04,4.428770e-02,0.000000e+00,8.036540e-03,4.047179e-03,1.474329e-01,8.094357e-04,1.040703e-03,1.503238e-03,2.312673e-03,1.907956e-03,0.000000e+00,2.312673e-04,5.203515e-04,9.019426e-03,2.312673e-04,5.781684e-04,3.469010e-04,1.907956e-03,0.000000e+00,5.781684e-05,2.312673e-03,1.156337e-04,8.672525e-04,5.781684e-04,2.948659e-03,2.249075e-02,3.006475e-03,0.000000e+00,0.000000e+00,2.624884e-02,2.312673e-04,2.890842e-04,1.156337e-04,6.244218e-03,4.330481e-02,3.295560e-03,2.890842e-04,4.625347e-04,5.203515e-04,7.805273e-03,5.203515e-04,0.000000e+00,1.445421e-03,6.359852e-04,1.156337e-04,2.049029e-01,2.280296e-01,0.000000e+00,0.000000e+00,5.781684e-05,3.995143e-02,0
SRR5225225,0.000000e+00,0.000000e+00,1.759848e-01,2.454661e-02,1.790459e-03,4.042971e-04,3.754187e-03,4.042971e-03,3.061107e-03,7.629664e-02,1.732702e-04,1.270648e-02,3.176620e-03,1.143006e-01,6.353240e-04,8.663509e-04,1.328405e-03,8.663509e-04,1.732702e-03,0.000000e+00,0.000000e+00,6.930807e-04,1.807786e-02,5.775673e-05,1.674945e-03,5.198106e-04,6.353240e-04,0.000000e+00,0.000000e+00,6.930807e-04,0.000000e+00,6.353240e-04,1.270648e-03,1.617188e-03,3.592469e-02,3.465404e-04,0.000000e+00,0.000000e+00,3.748412e-02,1.732702e-04,6.930807e-04,0.000000e+00,5.082592e-03,3.297909e-02,4.736052e-03,0.000000e+00,5.198106e-04,4.620538e-04,1.149359e-02,2.310269e-04,0.000000e+00,1.617188e-03,3.465404e-04,0.000000e+00,1.951600e-01,1.531708e-01,0.000000e+00,0.000000e+00,0.000000e+00,6.803743e-02,0
SRR5225228,0.0001156738,0.0000000000,0.1175245807,0.0167727010,0.0000000000,0.0006940428,0.0080393291,0.0036437247,0.0029496819,0.1577790630,0.0001156738,0.0218045113,0.0036437247,0.1358588780,0.0004626952,0.0010989011,0.0009253904,0.0013880856,0.0032967033,0.0000578369,0.0000000000,0.0002891845,0.0466743783,0.0000000000,0.0013302487,0.0003470214,0.0004048583,0.0000000000,0.0000578369,0.0013880856,0.0000578369,0.0006362059,0.0004626952,0.0038172354,0.0582417582,0.0041642568,0.0000000000,0.0000000000,0.0289762869,0.0000000000,0.0002891845,0.0001735107,0.0054366686,0.0287449393,0.0054366686,0.0000000000,0.0004048583,0.0001156738,0.0036437247,0.0000000000,0.0000000000,0.0024291498,0.0000000000,0.0000000000,0.1457489879,0.1046269520,0.0000000000,0.0000000000,0.0000000000,0.0799305957,1
SRR5225235,0.000000e+00,0.000000e+00,6.687053e-02,4.327256e-03,1.038541e-03,0.000000e+00,3.288715e-03,1.384722e-03,1.730902e-03,3.896261e-01,1.153935e-04,2.527117e-02,1.269328e-03,8.550658e-02,3.461805e-04,6.346642e-04,3.461805e-04,0.000000e+00,2.884837e-04,0.000000e+00,0.000000e+00,0.000000e+00,7.512116e-02,2.307870e-04,5.769675e-05,1.442419e-03,0.000000e+00,0.000000e+00,4.615740e-04,0.000000e+00,5.769675e-05,4.038772e-04,1.730902e-04,1.327025e-03,1.350104e-02,0.000000e+00,0.000000e+00,0.000000e+00,1.511655e-02,0.000000e+00,0.000000e+00,0.000000e+00,3.231018e-03,4.315717e-02,1.673206e-03,0.000000e+00,0.000000e+00,5.192707e-04,2.538657e-03,0.000000e+00,0.000000e+00,1.615509e-03,0.000000e+00,1.153935e-04,1.433764e-01,8.071775e-02,0.000000e+00,0.000000e+00,0.000000e+00,3.311793e-02,1
SRR5225239,3.461006e-04,0.000000e+00,1.391901e-01,7.498846e-03,1.292109e-02,2.307337e-04,3.114905e-03,2.941855e-03,1.961237e-03,7.383479e-02,0.000000e+00,1.147900e-02,1.903553e-03,1.917974e-01,2.884172e-04,3.057222e-03,2.768805e-03,9.229349e-04,6.345178e-04,1.730503e-04,5.768343e-05,0.000000e+00,1.499769e-02,2.307337e-04,9.229349e-04,3.461006e-04,0.000000e+00,7.498846e-04,6.345178e-04,1.095985e-03,1.730503e-04,1.153669e-04,6.345178e-04,3.807107e-03,3.760960e-02,9.806184e-04,0.000000e+00,1.153669e-04,3.980157e-02,0.000000e+00,1.153669e-04,0.000000e+00,6.575911e-03,7.204661e-02,7.441163e-03,1.153669e-04,0.000000e+00,1.903553e-03,3.634056e-03,0.000000e+00,1.730503e-04,2.422704e-03,2.307337e-04,1.153669e-04,1.811260e-01,1.090794e-01,0.000000e+00,5.768343e-05,0.000000e+00,5.762575e-02,0
SRR5225283,1.733002e-04,0.000000e+00,1.691410e-01,9.704812e-03,3.061637e-03,7.509676e-04,2.310670e-03,1.733002e-03,2.079603e-03,1.368494e-01,1.733002e-04,2.339553e-02,2.079603e-03,1.391601e-01,6.354341e-04,1.444168e-03,1.039801e-03,6.354341e-04,1.790769e-03,1.733002e-04,5.776674e-05,0.000000e+00,4.078332e-02,1.733002e-04,1.328635e-03,6.932009e-04,1.155335e-04,0.000000e+00,5.776674e-05,1.213101e-03,2.310670e-04,1.213101e-03,7.509676e-04,1.039801e-03,3.991682e-02,1.270868e-03,0.000000e+00,0.000000e+00,2.934550e-02,0.000000e+00,0.000000e+00,2.310670e-04,4.505806e-03,4.164982e-02,5.487840e-03,1.155335e-04,1.733002e-04,6.932009e-04,5.314540e-03,0.000000e+00,0.000000e+00,4.159205e-03,2.888337e-04,1.155335e-04,1.518688e-01,1.135694e-01,0.000000e+00,0.000000e+00,5.776674e-05,5.724684e-02,1
